datetime,reduced_feature_0,reduced_feature_1
2025-09-02 19:28:10,16.728835422486497,7.26895508379802
2025-09-02 19:28:20,15.071583557004633,-3.4939726681057373
2025-09-02 19:28:30,10.11557943031855,-3.7528042686349155
2025-09-02 19:28:40,6.314302569174164,-2.178945802170805
2025-09-02 19:28:50,4.853610727942718,-1.045244666986448
2025-09-02 19:29:00,3.0338397667672337,-1.6706978691916867
2025-09-02 19:29:10,2.0662898760169583,-0.8512102861126902
2025-09-02 19:29:20,1.838537986519585,-0.25323554750903293
2025-09-02 19:29:30,1.046207793811591,-0.5537464098817594
2025-09-02 19:29:40,1.2643381891953331,-0.44525849866270395
2025-09-02 19:29:50,0.27907672419465185,-0.5042466587418187
2025-09-02 19:30:00,0.3161856390174554,-0.6230565569982859
2025-09-02 19:30:10,-0.22079974737062483,0.25410566752983943
2025-09-02 19:30:20,-0.29745031207163103,0.12399774312618445
2025-09-02 19:30:30,-0.21822794528781347,-0.4044457374101903
2025-09-02 19:30:40,-1.2200018327296553,-0.09019458535270122
2025-09-02 19:30:50,-1.8785924882889817,0.2569754162330793
2025-09-02 19:31:00,-1.8987439853367913,0.3610674184973468
2025-09-02 19:31:10,-2.112995652656191,0.7155708551606027
2025-09-02 19:31:20,-1.8261771196531897,1.2204504042515256
2025-09-02 19:31:30,-1.9482570638475023,0.7484965280726941
2025-09-02 19:31:40,-2.070967676478361,0.5232617696438495
2025-09-02 19:31:50,-2.1637046421342054,0.4503919456521725
2025-09-02 19:32:00,-3.163546111293326,0.7291173596294699
2025-09-02 19:32:10,-2.7663115100316875,0.6837404101310186
2025-09-02 19:32:20,-3.086181090723844,1.3406615574736573
2025-09-02 19:32:30,-3.2468828447204,0.9124583173012552
2025-09-02 19:32:40,-3.2823893374140134,0.9767174142056618
2025-09-02 19:32:50,-3.3654873626388793,1.273067379079885
2025-09-02 19:33:00,-3.4450669607892834,1.2870614250847061
2025-09-02 19:33:10,-3.5413965217661185,1.0959835797285913
2025-09-02 19:33:20,-3.830817264790281,0.9283270332133171
2025-09-02 19:33:30,-3.7760648023218693,1.1084156541559471
2025-09-02 19:33:40,-3.798598630617674,1.1777798370766024
2025-09-02 19:33:50,-4.172865947826504,1.0893391938910628
2025-09-02 19:34:00,-4.3813873152965375,1.1134813307422669
2025-09-02 19:34:10,-4.524270883102312,0.8649909323053365
2025-09-02 19:34:20,-5.888159267308734,1.1935019649777407
2025-09-02 19:34:30,-9.291664992030517,3.9808306338390747
2025-09-02 19:34:40,15.11603183667867,19.951913021245694
2025-09-02 19:34:50,9.226819727155503,-4.275840280583701
2025-09-02 19:35:00,7.705570522759948,-3.042778720342803
2025-09-02 19:35:10,4.496832915214063,-1.2982142375893198
2025-09-02 19:35:20,3.664384664242274,-1.1322715832271275
2025-09-02 19:35:30,1.7822371114682167,-0.6409430562951789
2025-09-02 19:35:40,1.4674026651495617,-0.39017551110569515
2025-09-02 19:35:50,1.2002329996921761,-0.06923791384049544
2025-09-02 19:36:00,0.8545425753522928,-0.5132766740835293
2025-09-02 19:36:10,0.9856940489495485,0.19725675593508185
2025-09-02 19:36:20,0.13041949548451995,-0.8070897475866563
2025-09-02 19:36:30,-0.17443745546632644,-0.29316101458669147
2025-09-02 19:36:40,0.2800480399892786,0.1540860371266326
2025-09-02 19:36:50,-0.38995584320247656,-0.5448824126636307
2025-09-02 19:37:00,-1.0711176449610105,-0.1442595588993247
2025-09-02 19:37:10,-1.446936191549502,0.5503958642162138
2025-09-02 19:37:20,-1.5922984326774232,0.39609131095336986
2025-09-02 19:37:30,-2.346264081721851,0.7237751395447908
2025-09-02 19:37:40,-1.815223226448214,0.6025878503142148
2025-09-02 19:37:50,-2.138465889449076,1.3274746385581118
2025-09-02 19:38:00,-2.5034445919764523,0.7781024842520223
2025-09-02 19:38:10,-2.480411837435977,1.2612748172178645
2025-09-02 19:38:20,-2.469758805603122,0.8060360895026748
2025-09-02 19:38:30,-2.8379159702959673,0.8069201934865194
2025-09-02 19:38:40,-3.016701120647617,1.0210491799020693
2025-09-02 19:38:50,-3.094606632830296,0.8238820464501603
2025-09-02 19:39:00,-3.2948196352474346,1.3355086482945528
2025-09-02 19:39:10,-3.102738939330174,1.000083127508009
2025-09-02 19:39:20,-3.2806179167252187,0.8826964875357253
2025-09-02 19:39:30,-3.4925236334857015,0.7811284569403086
2025-09-02 19:39:40,-3.676312661391743,0.9343074898145742
2025-09-02 19:39:50,-3.7827658050776045,1.1870579303486135
2025-09-02 19:40:00,-3.6583640398316137,0.945877616639189
2025-09-02 19:40:10,-3.879428907409214,1.1581927377940087
2025-09-02 19:40:20,-4.214975224813427,1.1570472049293767
2025-09-02 19:40:30,-4.180260158232861,0.8043809486368141
2025-09-02 19:40:40,-5.22693217398846,1.0452114742416638
2025-09-02 19:40:50,-6.847407059448067,1.5914101592689065
2025-09-02 19:41:00,10.406116382191016,19.54941380038542
2025-09-02 19:41:10,11.95333828281373,-0.7458689528052401
2025-09-02 19:41:20,9.551635762555259,-3.8717388106374484
2025-09-02 19:41:30,6.352915087920231,-1.9167432537980618
2025-09-02 19:41:40,4.4089086225181155,-1.547761701464747
2025-09-02 19:41:50,2.7595937696385024,-1.0571344095435318
2025-09-02 19:42:00,2.3312117533545416,-0.9852736210307765
2025-09-02 19:42:10,1.9445219486590626,-0.4224042791731121
2025-09-02 19:42:20,1.1420888217952385,-0.6193980541034715
2025-09-02 19:42:30,1.2214001721736791,-0.6858753944992024
2025-09-02 19:42:40,1.016026202652822,-0.2986428893406981
2025-09-02 19:42:50,0.33858620401638545,-0.7246274639284234
2025-09-02 19:43:00,-0.13397740454628282,-0.08411845906792473
2025-09-02 19:43:10,-0.6356653756712373,-0.322469868135937
2025-09-02 19:43:20,-0.4937323437218978,0.028554780670295724
2025-09-02 19:43:30,-0.6877444631600808,0.42026467023619546
2025-09-02 19:43:40,-1.1798385815561103,-0.11112637844198445
2025-09-02 19:43:50,-1.8054753097973577,0.5124847120414671
2025-09-02 19:44:00,-1.8385040623503313,0.9374664554588743
2025-09-02 19:44:10,-2.2403748104399774,0.7321791142890082
2025-09-02 19:44:20,-2.4082582858197767,0.5516647332916539
2025-09-02 19:44:30,-2.0345875051010482,0.8123331405056274
2025-09-02 19:44:40,-2.3041118291029834,0.9341403017636755
2025-09-02 19:44:50,-2.8976029428795593,0.9120815846907809
2025-09-02 19:45:00,-2.757067177458841,0.5732008511305979
2025-09-02 19:45:10,-3.1280729373791862,0.8551413703956112
2025-09-02 19:45:20,-3.0773075721711463,1.2952647859987543
2025-09-02 19:45:30,-3.3162989578230766,0.9354821144796417
2025-09-02 19:45:40,-3.249134130841458,1.1005613886067251
2025-09-02 19:45:50,-3.647041963433835,1.0061923676447972
2025-09-02 19:46:00,-3.5444550911890484,1.0963340161866322
2025-09-02 19:46:10,-3.9234141412124806,1.3070790489593123
2025-09-02 19:46:20,-3.849702911017891,1.2566808380178682
2025-09-02 19:46:30,-3.4942198925014494,1.253620333112272
2025-09-02 19:46:40,-4.048978170934309,0.761408798080685
2025-09-02 19:46:50,-4.3369416490343,1.3791409997676614
2025-09-02 19:47:00,-4.732735092256009,1.3305249245115447
2025-09-02 19:47:10,-5.514921591014284,1.1290436258062269
2025-09-02 19:47:20,-7.793309403235091,2.456322783467754
2025-09-02 19:47:30,10.9206939775666,17.390377967701617
2025-09-02 19:47:40,10.849766256246431,-2.080461800225388
2025-09-02 19:47:50,8.962099476624527,-3.046693067259734
2025-09-02 19:48:00,5.876186001231136,-1.5713418891364996
2025-09-02 19:48:10,4.641475596414265,-1.0371723224130311
2025-09-02 19:48:20,3.0442108731244804,-1.0670987038836353
2025-09-02 19:48:30,3.2258349472931003,1.215082898959214
2025-09-02 19:48:40,2.0698486623968377,-0.49051755181946627
2025-09-02 19:48:50,1.2895438145295839,-0.8554662125426749
2025-09-02 19:49:00,0.8148712093641207,-0.3194482721609666
2025-09-02 19:49:10,0.23899048782071372,-0.2671873783508675
2025-09-02 19:49:20,0.06801899854479242,-0.5268992557994683
2025-09-02 19:49:30,-0.1953373555006461,-0.12299820686642063
2025-09-02 19:49:40,-0.6612416888071673,0.3505826830716474
2025-09-02 19:49:50,-0.6543040228665454,0.19629551900334177
2025-09-02 19:50:00,-1.3156009653628895,0.2768162983655086
2025-09-02 19:50:10,-1.6225285514366494,0.7045420654314426
2025-09-02 19:50:20,-1.7381720807958947,0.11613389290566849
2025-09-02 19:50:30,-2.2549594177690055,0.9029679760841858
2025-09-02 19:50:40,-2.026489456276495,0.6175274914029719
2025-09-02 19:50:50,-1.8175057693068066,1.028911777220262
2025-09-02 19:51:00,-2.380776913031359,1.367685119983145
2025-09-02 19:51:10,-1.9634985067323776,0.9074244692224321
2025-09-02 19:51:20,-2.7437054776349674,0.922776854276304
2025-09-02 19:51:30,-3.2655207993477795,0.9070891137161173
2025-09-02 19:51:40,-2.8498175284803695,1.0255800116814655
2025-09-02 19:51:50,-2.9655771526582364,0.6773642658217383
2025-09-02 19:52:00,-3.389641022737315,1.0141808904187553
2025-09-02 19:52:10,-3.314560138043967,0.6125532032573043
2025-09-02 19:52:20,-3.340584924570883,1.7372752130434495
2025-09-02 19:52:30,-3.327839825727098,0.6945214216904388
2025-09-02 19:52:40,-3.8468401338581533,1.25040274389329
2025-09-02 19:52:50,-3.7867369016957046,0.8411930305413553
2025-09-02 19:53:00,-3.72420273328678,0.7930558310692001
2025-09-02 19:53:10,-3.9182473631435544,1.1478724680530203
2025-09-02 19:53:20,-3.906173704743487,0.8103842268688257
2025-09-02 19:53:30,-4.396496617408714,1.0711104730184082
2025-09-02 19:53:40,-5.6223716980369565,0.7862510771618251
2025-09-02 19:53:50,-8.681072900421363,3.3962074561023203
2025-09-02 19:54:00,13.375190884771717,18.384890173490163
2025-09-02 19:54:10,9.976110485941337,-3.1386267219016313
2025-09-02 19:54:20,8.607490813845272,-2.829508521333306
2025-09-02 19:54:30,5.05863437588431,-1.4589105925914425
2025-09-02 19:54:40,4.315589770610568,-1.7508902821119114
2025-09-02 19:54:50,2.5453853955614076,-0.8921066211046567
2025-09-02 19:55:00,2.0491391901654366,-0.9180673970994138
2025-09-02 19:55:10,1.502311980872813,-0.908005433477373
2025-09-02 19:55:20,0.9817253051165633,-0.557104618713273
2025-09-02 19:55:30,1.0000546341316705,-0.646581646498778
2025-09-02 19:55:40,0.8572886099798409,0.33451268084290187
2025-09-02 19:55:50,0.22669688351543552,-0.336046976005268
2025-09-02 19:56:00,-0.4062353206254799,-0.09323237370327418
2025-09-02 19:56:10,3.085546851085192,7.212270143578484
2025-09-02 19:56:20,-1.028909053710133,0.38504642488950247
2025-09-02 19:56:30,-1.4147019985622886,0.17103881080597927
2025-09-02 19:56:40,-1.621606060872766,0.7858342582965033
2025-09-02 19:56:50,-2.0843981276360415,0.8932254908278309
2025-09-02 19:57:00,-2.071275334308858,0.5126367343952165
2025-09-02 19:57:10,-2.508167559722918,0.6062528958963449
2025-09-02 19:57:20,-2.598940126841478,1.008005367864624
2025-09-02 19:57:30,-2.6805748215082317,0.7938701200412127
2025-09-02 19:57:40,-3.0041012502595996,0.6404033123222377
2025-09-02 19:57:50,-3.114876870836488,1.1446442002223594
2025-09-02 19:58:00,-3.432276724795763,0.9806461677199716
2025-09-02 19:58:10,-2.829051186868023,1.5467771674047994
2025-09-02 19:58:20,-3.0850021966628915,0.5754261855699302
2025-09-02 19:58:30,-3.612119288130489,1.0295431437355567
2025-09-02 19:58:40,-3.141007447478889,1.3714121854046544
2025-09-02 19:58:50,-3.6239263972375912,0.9020197020299305
2025-09-02 19:59:00,-3.8456572143405183,1.077284439570578
2025-09-02 19:59:10,-3.888730060819224,1.1618300041568324
2025-09-02 19:59:20,-4.131561855500931,1.193509379637294
2025-09-02 19:59:30,-4.223512887599306,1.1056779457004793
2025-09-02 19:59:40,-4.3019533444734686,1.3166947774859024
2025-09-02 19:59:50,-4.30440809865223,1.3080538193778262
2025-09-02 20:00:00,-5.395530109564223,1.1214850459358259
2025-09-02 20:00:10,-7.07906451056379,1.7186377737581304
2025-09-02 20:00:20,9.481009851928238,18.02185825724572
2025-09-02 20:00:30,11.525752775088627,-0.9433157173783483
2025-09-02 20:00:40,9.234626194806019,-4.130292075317462
2025-09-02 20:00:50,5.729743199016294,-1.73228455156343
2025-09-02 20:01:00,4.379710078616948,-1.1106273004342129
2025-09-02 20:01:10,3.1009003863381266,-0.7747367582928961
2025-09-02 20:01:20,2.7916779588025005,-0.5622172789704554
2025-09-02 20:01:30,2.1050754701378516,-0.938764650097222
2025-09-02 20:01:40,1.312717933813324,-0.6640027445056249
2025-09-02 20:01:50,0.9580371274609184,-0.5563905310559252
2025-09-02 20:02:00,0.7942225962843911,0.09163750684012134
2025-09-02 20:02:10,5.998025138645245,9.778644393134606
2025-09-02 20:02:20,-0.47360412344039543,-0.5612451364382732
2025-09-02 20:02:30,-1.1610249284030305,0.20006965355046558
2025-09-02 20:02:40,-1.3775348837100572,-0.08835257233393355
2025-09-02 20:02:50,-1.8857906908337165,0.5265189472784448
2025-09-02 20:03:00,-1.4843471671458217,0.7634756731937661
2025-09-02 20:03:10,-2.293510165058181,0.4538420900762874
2025-09-02 20:03:20,-2.3078503054248185,0.48088958815033533
2025-09-02 20:03:30,-2.6565845433609994,0.998573299459183
2025-09-02 20:03:40,-2.121194510015245,0.7769050275875894
2025-09-02 20:03:50,-2.4767464300494555,1.3285682243337626
2025-09-02 20:04:00,-2.5409857894559726,0.7111663333662719
2025-09-02 20:04:10,-2.722704206471627,0.6549443057961225
2025-09-02 20:04:20,-3.3943078132308977,0.8603335228127387
2025-09-02 20:04:30,-3.2989306368320945,1.3935993300997072
2025-09-02 20:04:40,-3.224033249751405,1.2282496517794965
2025-09-02 20:04:50,-3.4277402321751107,0.8617378306462915
2025-09-02 20:05:00,-3.844587502807944,1.2757696314877625
2025-09-02 20:05:10,-3.6050416449754077,1.2384500978776465
2025-09-02 20:05:20,-3.853677399172853,1.0113706274903607
2025-09-02 20:05:30,-3.6861213583635704,1.5713312878002306
2025-09-02 20:05:40,-4.103012691801237,1.1873001806184589
2025-09-02 20:05:50,-3.8948729269438345,1.601943070851174
2025-09-02 20:06:00,-4.038055684147971,1.06694440354465
2025-09-02 20:06:10,-4.470435321330253,1.2689608416069333
2025-09-02 20:06:20,-4.885510601875458,1.006171659691854
2025-09-02 20:06:30,-6.568435280204507,1.1970598899480085
2025-09-02 20:06:40,8.946686037323358,17.54999623600984
2025-09-02 20:06:50,12.716154956842164,1.0916704140578797
2025-09-02 20:07:00,9.78211321837585,-4.478964648679948
2025-09-02 20:07:10,6.815624827151546,-1.7867520352886412
2025-09-02 20:07:20,4.3975358238812134,-1.4047633521576597
2025-09-02 20:07:30,3.2998444517875263,-1.0833917264594675
2025-09-02 20:07:40,2.21370733354642,-1.0389004366329058
2025-09-02 20:07:50,0.8871435918374183,-0.9473711943059524
2025-09-02 20:08:00,0.4197277136116693,-0.18427911509017428
2025-09-02 20:08:10,-0.08761352102592249,-0.24234525612495564
2025-09-02 20:08:20,0.14799521421637366,0.1513574859709145
2025-09-02 20:08:30,0.42893447829632564,0.28001747825790474
2025-09-02 20:08:40,-0.35055732189695676,-0.10743126081882985
2025-09-02 20:08:50,-0.8153880458637418,0.009643333726601927
2025-09-02 20:09:00,-1.3434559673444206,-0.09738479205008486
2025-09-02 20:09:10,-0.4588234328811592,1.2366119230101487
2025-09-02 20:09:20,-1.7294432243233695,0.45031498546948817
2025-09-02 20:09:30,-2.1466890836826713,0.2767064766561812
2025-09-02 20:09:40,-1.908053750434529,0.7167915407004936
2025-09-02 20:09:50,-2.3286042530529625,0.5175909373390147
2025-09-02 20:10:00,-2.2803681256817243,0.359517191376239
2025-09-02 20:10:10,-2.313850119255875,0.2235248495290225
2025-09-02 20:10:20,-2.691311410643926,0.7437268767128787
2025-09-02 20:10:30,-2.3348590595110195,0.7711366277681428
2025-09-02 20:10:40,-2.9173668071445986,0.9246412586187961
2025-09-02 20:10:50,-2.813670559013135,0.9963424455962521
2025-09-02 20:11:00,-2.9294195655203805,0.6890238119854966
2025-09-02 20:11:10,-3.127066087041587,0.723024148418489
2025-09-02 20:11:20,-3.2759815060504067,0.4840424378037161
2025-09-02 20:11:30,-3.636344122241795,0.6964392015622614
2025-09-02 20:11:40,-3.654324961098723,1.195673095541702
2025-09-02 20:11:50,-4.411045104119228,0.7449420716142416
2025-09-02 20:12:00,-3.8735957522829745,1.2796369510050816
2025-09-02 20:12:10,-1.9389315583792313,1.0148884090682306
2025-09-02 20:12:20,-3.454100134919833,0.4368673867597975
2025-09-02 20:12:30,-4.047920408054885,0.8202595638319777
2025-09-02 20:12:40,-4.479690785429004,0.7347465904048917
2025-09-02 20:12:50,-5.992790724701416,0.8891351851900334
2025-09-02 20:13:00,-8.839755513452394,3.3839432202892623
2025-09-02 20:13:10,14.914497791479032,19.050369254147366
2025-09-02 20:13:20,9.304135679250887,-4.304748095746674
2025-09-02 20:13:30,8.609131233604717,-2.072930834948741
2025-09-02 20:13:40,4.694854148436812,-1.6580794151548117
2025-09-02 20:13:50,4.25479976110486,-1.1635537884848504
2025-09-02 20:14:00,2.3761205252987176,-1.2376311718251833
2025-09-02 20:14:10,2.2491444838768495,-1.4350241163324842
2025-09-02 20:14:20,1.2936253096699228,-1.0832086383917978
2025-09-02 20:14:30,1.1961340263182034,-0.1146680927678339
2025-09-02 20:14:40,0.3551794770218207,-0.6871113902091671
2025-09-02 20:14:50,0.44973318700872594,-0.45549627602258647
2025-09-02 20:15:00,0.06754818860207118,0.817919855593289
2025-09-02 20:15:10,-1.2940765685533884,0.15883352674428342
2025-09-02 20:15:20,-1.5327709128831473,-0.3041455147579286
2025-09-02 20:15:30,-0.44752537449090457,2.071470991192003
2025-09-02 20:15:40,-0.9789026856638237,1.1258919356212085
2025-09-02 20:15:50,-1.84382570033061,0.6141949096894667
2025-09-02 20:16:00,-1.0946697597423176,2.0173047429023065
2025-09-02 20:16:10,-2.365331429141909,0.20502200387672706
2025-09-02 20:16:20,-2.730038305019308,0.641876015142862
2025-09-02 20:16:30,-2.65649635171386,0.7011469074225279
2025-09-02 20:16:40,-2.489444129150537,1.3062872825383507
2025-09-02 20:16:50,-3.1587598353109745,0.4770176363752714
2025-09-02 20:17:00,-3.274452665791072,0.9826202532399347
2025-09-02 20:17:10,-3.358200412595101,0.7799118570174668
2025-09-02 20:17:20,-3.5969441268694657,0.7387864002584018
2025-09-02 20:17:30,-3.5405284457994637,0.8403654947586631
2025-09-02 20:17:40,-3.544731710120434,0.8846089827566367
2025-09-02 20:17:50,-3.464165427182124,0.8267023192058857
2025-09-02 20:18:00,-3.5845934602735605,0.594838782998464
2025-09-02 20:18:10,-3.835112727418752,0.9375814008322378
2025-09-02 20:18:20,-3.8777206850352326,0.9540055131927196
2025-09-02 20:18:30,-4.182195075571835,1.2626553692337985
2025-09-02 20:18:40,-4.1194224149192795,0.8946973582180384
2025-09-02 20:18:50,-4.192749626852415,0.7202175841742784
2025-09-02 20:19:00,-4.215456602791567,0.9150079411838661
2025-09-02 20:19:10,-4.955039707240988,0.7710614608599659
2025-09-02 20:19:20,-7.1679459401502506,1.800306312442296
2025-09-02 20:19:30,10.61237665654268,17.83422121648987
2025-09-02 20:19:40,11.292628083859336,-1.8853113471877165
2025-09-02 20:19:50,9.279706093050109,-4.063248027964829
2025-09-02 20:20:00,5.5600308987318945,-2.1596315346650874
2025-09-02 20:20:10,4.475770064467524,-2.0821474538066327
2025-09-02 20:20:20,2.9597557979495708,-1.2215744166817144
2025-09-02 20:20:30,1.8585927434458893,-0.5095315233774089
2025-09-02 20:20:40,1.8752106425929116,-1.20766821944955
2025-09-02 20:20:50,1.5842177324701832,-0.8121325329402544
2025-09-02 20:21:00,1.1301329229278732,-0.9715347258163424
2025-09-02 20:21:10,1.2145920298581097,-0.6079704548971477
2025-09-02 20:21:20,0.36940323641090184,-0.7713056279420981
2025-09-02 20:21:30,-0.5246683793814481,-0.5106373309855213
2025-09-02 20:21:40,-0.7731738916544512,-0.3096498588483068
2025-09-02 20:21:50,-1.2011791647130554,0.4982660077389481
2025-09-02 20:22:00,-1.870255396723204,-0.0753246095728047
2025-09-02 20:22:10,-1.559366275783876,0.5032679718181747
2025-09-02 20:22:20,-1.9543231090554054,0.6377714428515673
2025-09-02 20:22:30,-2.089504523896945,0.3838460543999784
2025-09-02 20:22:40,-2.2361342510542195,0.5410101367430931
2025-09-02 20:22:50,-2.2336652002948765,0.9605370123576316
2025-09-02 20:23:00,-2.369618560771458,0.10842333378367074
2025-09-02 20:23:10,-2.1307814159848997,0.7572877397723101
2025-09-02 20:23:20,-2.850571436321761,0.5449939001182177
2025-09-02 20:23:30,-3.217989913994303,0.624335390482345
2025-09-02 20:23:40,-3.070717095809983,0.7570427264217984
2025-09-02 20:23:50,-2.823429890729382,0.5385389544550477
2025-09-02 20:24:00,-3.3497379211634515,0.6507858537148971
2025-09-02 20:24:10,-3.1695244309754815,0.6336310959855623
2025-09-02 20:24:20,-3.6603142350528053,0.7920111942577814
2025-09-02 20:24:30,-3.7453010859625544,0.6786682600155007
2025-09-02 20:24:40,-3.8351154010737663,0.654311135626689
2025-09-02 20:24:50,-3.924632275511382,0.9756828562994133
2025-09-02 20:25:00,-3.942798831298524,0.6412116312921606
2025-09-02 20:25:10,-3.925502448359336,0.901588793113563
2025-09-02 20:25:20,-4.281158553840985,0.9301225457004263
2025-09-02 20:25:30,-4.671303153263143,0.9858127180905284
2025-09-02 20:25:40,-6.011575901734152,0.9349084626796018
2025-09-02 20:25:50,9.779615372764779,20.910928512886212
2025-09-02 20:26:00,12.55971904209804,2.1139904226413453
2025-09-02 20:26:10,9.839340774370813,-4.768178573368178
2025-09-02 20:26:20,6.745097483450567,-2.7056539201719163
2025-09-02 20:26:30,4.932914583399983,-1.124340315504781
2025-09-02 20:26:40,3.311933305123266,-0.922458774097377
2025-09-02 20:26:50,2.3018282864544592,-0.6142838273664069
2025-09-02 20:27:00,1.405827393686542,-0.4823972734469544
2025-09-02 20:27:10,1.2074265644949382,-0.3029755832237882
2025-09-02 20:27:20,0.9050720833605962,-0.4344350538566976
2025-09-02 20:27:30,0.903579510846196,-0.6978383447305634
2025-09-02 20:27:40,0.1314568523930252,-0.2539454964887712
2025-09-02 20:27:50,-0.3893237161170113,-0.14827571565456235
2025-09-02 20:28:00,-0.9630747187349555,-0.10493934387133634
2025-09-02 20:28:10,-1.4692623557829723,0.09530753860920713
2025-09-02 20:28:20,-1.1266668105989885,1.0486092644681428
2025-09-02 20:28:30,-1.792297878003133,0.49593505025958384
2025-09-02 20:28:40,-2.026665654847666,0.5371307168656706
2025-09-02 20:28:50,-2.136595698800815,0.5004226107454208
2025-09-02 20:29:00,-2.315664646288676,0.683904134663098
2025-09-02 20:29:10,-2.076881093122089,0.8087047561846648
2025-09-02 20:29:20,-2.578825650045407,0.4333217539035482
2025-09-02 20:29:30,-2.6103671391349113,0.5538990935831815
2025-09-02 20:29:40,-2.7119498158758826,0.5806677211294293
2025-09-02 20:29:50,-3.0524982338192395,0.9567862441122534
2025-09-02 20:30:00,-3.3646801591074946,1.0709898507582947
2025-09-02 20:30:10,-3.300647678885447,0.7670815572801369
2025-09-02 20:30:20,-3.5251259511061757,0.7873837371862297
2025-09-02 20:30:30,-3.43946362902825,1.0076522481732126
2025-09-02 20:30:40,-3.73517323290125,0.7877710848918769
2025-09-02 20:30:50,-3.650288231080502,1.0489014642205032
2025-09-02 20:31:00,-3.8859677671080353,1.1576075634189076
2025-09-02 20:31:10,-3.5774172480191555,0.7612846792091004
2025-09-02 20:31:20,-4.091948145038766,0.9261927704176531
2025-09-02 20:31:30,-4.26151532553311,0.9961471410828261
2025-09-02 20:31:40,-4.429370778465087,1.0476218454300397
2025-09-02 20:31:50,-4.680190593355151,0.982818671678386
2025-09-02 20:32:00,-5.838112445182087,1.0793919902533187
2025-09-02 20:32:10,-8.578894167868594,2.879451187296378
2025-09-02 20:32:20,13.86651358366147,18.563232028770507
2025-09-02 20:32:30,9.591908014527782,-3.9598958421091726
2025-09-02 20:32:40,8.897369318184598,-2.373373960994493
2025-09-02 20:32:50,4.706742301392643,-1.801751187692696
2025-09-02 20:33:00,4.081775792291387,-1.50093255494934
2025-09-02 20:33:10,2.893605907413203,-0.15254596671265475
2025-09-02 20:33:20,1.768464164764753,-0.8919649336121603
2025-09-02 20:33:30,1.5969410924585548,-0.6764012028586195
2025-09-02 20:33:40,0.7880124198647286,-0.27860214506464814
2025-09-02 20:33:50,0.5975857710725708,-0.1458777053174673
2025-09-02 20:34:00,0.9482095138359742,1.1598147506911847
2025-09-02 20:34:10,-0.23321836201816798,-0.38758593722184886
2025-09-02 20:34:20,-1.0266064805150097,-0.5824292488179696
2025-09-02 20:34:30,-1.065207129263726,0.5280512512673899
2025-09-02 20:34:40,-1.4884370666224063,1.1050964411700375
2025-09-02 20:34:50,-1.226568705551898,0.8046799905762838
2025-09-02 20:35:00,-2.1874398558670567,0.11055412263739312
2025-09-02 20:35:10,-2.119833629694573,0.7071599260811314
2025-09-02 20:35:20,-2.6314179294467777,-0.007150343429926944
2025-09-02 20:35:30,-2.5133614276148273,0.4841046361244375
2025-09-02 20:35:40,-2.845568006203197,0.7377530579244683
2025-09-02 20:35:50,-2.824896616466872,1.1593100960681415
2025-09-02 20:36:00,-2.7304482675701585,0.7043229684855636
2025-09-02 20:36:10,-2.9574838184001973,0.8188871410359049
2025-09-02 20:36:20,-3.2716624910039616,0.5624185864136457
2025-09-02 20:36:30,-3.4283490103703644,0.5368843693736272
2025-09-02 20:36:40,-3.91100642792554,1.3037543282058714
2025-09-02 20:36:50,-3.8557007356370163,1.3502031023665688
2025-09-02 20:37:00,-4.46519532571848,1.481554767486064
2025-09-02 20:37:10,-4.182477730682398,1.4149121609337425
2025-09-02 20:37:20,-4.097766229109435,1.390317217654458
2025-09-02 20:37:30,-4.2910214984300215,1.5444408362624806
2025-09-02 20:37:40,-4.56524637506376,1.6338714984621303
2025-09-02 20:37:50,-4.489961805550204,1.5515688429376124
2025-09-02 20:38:00,-4.41558792789402,1.4984078999823387
2025-09-02 20:38:10,-4.704473723901387,1.2062521998109357
2025-09-02 20:38:20,-5.3169035568740926,1.1369301006065502
2025-09-02 20:38:30,-6.919327903286739,1.6220099351861244
2025-09-02 20:38:40,9.22532131097488,18.95684246460154
2025-09-02 20:38:50,12.114897549711355,-0.2699401089066778
2025-09-02 20:39:00,9.683956705624752,-4.215811834408511
2025-09-02 20:39:10,6.297880718079225,-2.3874367260865292
2025-09-02 20:39:20,4.700268467843856,-1.3366120159214745
2025-09-02 20:39:30,2.9633541158389862,-1.565992731826001
2025-09-02 20:39:40,2.317372904350407,-0.6998679257950927
2025-09-02 20:39:50,1.8582006858392468,-0.7621071943471905
2025-09-02 20:40:00,1.1644117373983967,-0.3343465071826119
2025-09-02 20:40:10,0.27719323064621254,-0.8025136942200078
2025-09-02 20:40:20,0.248425384100448,0.18533216083064666
2025-09-02 20:40:30,-0.7210965724126526,-0.12829823345641211
2025-09-02 20:40:40,-0.531122418533247,-0.07727859132762761
2025-09-02 20:40:50,-1.0793752086330861,0.06212516909847724
2025-09-02 20:41:00,-1.6873104712908105,0.49000987144327735
2025-09-02 20:41:10,-1.645179287912453,0.36995915847531274
2025-09-02 20:41:20,-1.7235116907294163,0.7551900397250608
2025-09-02 20:41:30,-2.091284587107032,0.6207850208752448
2025-09-02 20:41:40,-2.108394519805733,1.2492525165513915
2025-09-02 20:41:50,-1.8682061788019617,0.5143371528917833
2025-09-02 20:42:00,-2.6187958650513274,0.49601285769028813
2025-09-02 20:42:10,-2.9508896750216915,0.9219178377549814
2025-09-02 20:42:20,-3.0150200389560404,0.7229314581643317
2025-09-02 20:42:30,-3.307013729675321,0.9272747941968025
2025-09-02 20:42:40,-2.741237237392763,0.9059708091213985
2025-09-02 20:42:50,-3.169337399843515,1.2052916874643864
2025-09-02 20:43:00,-3.33483770506064,0.7848100660535586
2025-09-02 20:43:10,-3.5219422377102876,1.135729196650979
2025-09-02 20:43:20,-3.4616918359393707,0.8258148354360005
2025-09-02 20:43:30,-3.9050458338177347,0.8223278823338427
2025-09-02 20:43:40,-3.796068995578278,1.2211608189745045
2025-09-02 20:43:50,-3.9985114276488463,1.5904665711464094
2025-09-02 20:44:00,-4.042592242744741,1.2586921756041611
2025-09-02 20:44:10,-4.0700092783450605,1.0760574284337148
2025-09-02 20:44:20,-4.327148417178742,1.0975064989627858
2025-09-02 20:44:30,-4.397143577275299,1.2919562587134157
2025-09-02 20:44:40,-4.843677561016194,1.0384813333547205
2025-09-02 20:44:50,-6.171122369568287,1.2317309695312515
2025-09-02 20:45:00,-9.851331368238897,3.9746047109956044
2025-09-02 20:45:10,15.457127198271765,20.004991713798802
2025-09-02 20:45:20,9.657577205789812,-3.4051329751575503
2025-09-02 20:45:30,8.485263624607727,-2.9020296265077885
2025-09-02 20:45:40,4.404012582420056,-1.8267161286000009
2025-09-02 20:45:50,3.8143313524372555,-1.0224998140865413
2025-09-02 20:46:00,2.5197628561729486,-0.682604021212847
2025-09-02 20:46:10,1.7224218209853495,-1.1055830820910375
2025-09-02 20:46:20,1.1473119091467274,-0.328464369319961
2025-09-02 20:46:30,1.0515990699480613,-0.8242818900728999
2025-09-02 20:46:40,0.9788746961707728,-0.06245796630734837
2025-09-02 20:46:50,0.3714416493247377,-0.3273740706793312
2025-09-02 20:47:00,0.3675042525315707,-0.4829644240530997
2025-09-02 20:47:10,-0.9079381595224189,-0.4071014489757731
2025-09-02 20:47:20,-1.3804991052893778,-0.295008042494745
2025-09-02 20:47:30,-1.1612824851881391,0.16374656318063968
2025-09-02 20:47:40,-1.8585950847888524,0.3038744482001058
2025-09-02 20:47:50,-2.0761472249271615,0.6616318683168412
2025-09-02 20:48:00,-1.97454167041388,0.750181391645041
2025-09-02 20:48:10,-2.0139128603809664,1.1645174099074627
2025-09-02 20:48:20,-2.469287996336006,0.6633283948492509
2025-09-02 20:48:30,-2.3233102446162293,0.7540869562007088
2025-09-02 20:48:40,-2.5896195713021073,0.8649335083808615
2025-09-02 20:48:50,-2.7513446870446443,0.4828697368301793
2025-09-02 20:49:00,-3.1258428788074792,0.3744712243566983
2025-09-02 20:49:10,-3.2147913002134265,1.2974463179415237
2025-09-02 20:49:20,-3.152782117969633,0.9143516809224697
2025-09-02 20:49:30,-2.9581425541989184,0.8792606949706655
2025-09-02 20:49:40,-3.4889173922415693,0.9618835101523974
2025-09-02 20:49:50,-3.756671078404406,0.7876299632138688
2025-09-02 20:50:00,-3.8618352457508918,0.91819235069229
2025-09-02 20:50:10,-3.6173114011151934,0.7639985621561423
2025-09-02 20:50:20,-3.839544862655034,1.0715527487904466
2025-09-02 20:50:30,-3.980507432030806,0.9544180617987739
2025-09-02 20:50:40,-4.387720241626747,1.1184554224204108
2025-09-02 20:50:50,-4.2853453072803305,1.1683626549316173
2025-09-02 20:51:00,-4.687290091218185,0.9478247716164874
2025-09-02 20:51:10,-5.284609421401347,1.092505651288685
2025-09-02 20:51:20,-7.426153772514811,1.8717270415999838
2025-09-02 20:51:30,12.469254293869827,19.045159850229815
2025-09-02 20:51:40,10.671257785968153,-2.4658704114336176
2025-09-02 20:51:50,9.167384043886635,-3.9874597154221387
2025-09-02 20:52:00,5.448327662853902,-1.6421589975917268
2025-09-02 20:52:10,5.089325519477686,-1.211576737627772
2025-09-02 20:52:20,2.80233457546412,-1.081904494410068
2025-09-02 20:52:30,2.205695890632368,-0.7870532541001444
2025-09-02 20:52:40,1.287538370634749,-0.38491512374699427
2025-09-02 20:52:50,1.3233623756007449,0.08040485458140176
2025-09-02 20:53:00,0.19119185156309804,-0.5358904227056743
2025-09-02 20:53:10,0.1730332309395959,0.1749867662999074
2025-09-02 20:53:20,-0.0482055317208916,-0.16985417795338115
2025-09-02 20:53:30,-0.5175953847921068,-0.4839931858785923
2025-09-02 20:53:40,-0.9579978118106544,0.42627857293378785
2025-09-02 20:53:50,-1.5365011633592938,0.00826875342590471
2025-09-02 20:54:00,-1.5226765232654291,0.6092129927489021
2025-09-02 20:54:10,-1.7651517996963675,0.6993050389806421
2025-09-02 20:54:20,-2.2396538831427026,0.07944021715469789
2025-09-02 20:54:30,-2.4292662478766007,0.6351046151193467
2025-09-02 20:54:40,-1.8059565390517596,1.8090999135834314
2025-09-02 20:54:50,-2.2868488548968045,0.5090813046578766
2025-09-02 20:55:00,-2.4414003705472167,0.5976405668577517
2025-09-02 20:55:10,-2.6374342849410772,0.5445972006029093
2025-09-02 20:55:20,-2.630394602013656,0.892742281384615
2025-09-02 20:55:30,-3.2635970625104935,0.4838678716451303
2025-09-02 20:55:40,-3.090331299581993,0.6081980631094147
2025-09-02 20:55:50,-3.109440967990383,1.127798185778595
2025-09-02 20:56:00,-3.167725363489207,1.1440643987106034
2025-09-02 20:56:10,-3.7007099489396005,1.1170421330080298
2025-09-02 20:56:20,-3.8763078145747536,0.712696861164266
2025-09-02 20:56:30,-3.566442001972489,0.9990290818398746
2025-09-02 20:56:40,-3.832274803709484,0.8638226860399525
2025-09-02 20:56:50,-3.867252992738401,0.8342609816440554
2025-09-02 20:57:00,-4.055327384177513,0.897336035059936
2025-09-02 20:57:10,-4.424919958417138,1.0014935066768778
2025-09-02 20:57:20,-4.314329783897106,0.9800097279044383
2025-09-02 20:57:30,-4.644502078343048,1.105175643860138
2025-09-02 20:57:40,-6.329334569454142,1.2035388113825318
2025-09-02 20:57:50,-9.564152111647683,3.7754257408778096
2025-09-02 20:58:00,15.18140391742075,19.204701178619725
2025-09-02 20:58:10,9.260811975061191,-4.17795142612915
2025-09-02 20:58:20,8.345752547301236,-2.845751680532711
2025-09-02 20:58:30,4.688508197173057,-1.9462232952643885
2025-09-02 20:58:40,4.114178190477939,-1.3659391137089054
2025-09-02 20:58:50,2.144016026519976,-1.109820544848208
2025-09-02 20:59:00,2.829021664812455,0.3860822069656612
2025-09-02 20:59:10,1.7553051256312382,-0.5818449816362883
2025-09-02 20:59:20,1.5717447308745625,-0.3423563502330934
2025-09-02 20:59:30,0.909804667780919,-0.902666218872726
2025-09-02 20:59:40,0.737280946161251,-1.029358589803183
2025-09-02 20:59:50,0.012057700726635227,-0.5245614188839126
2025-09-02 21:00:00,-0.35571857883455954,0.28474306954826156
2025-09-02 21:00:10,-0.6965813155989355,0.12409922901800759
2025-09-02 21:00:20,-1.5953897131773616,-0.19052971682758246
2025-09-02 21:00:30,-1.5500788437521673,0.6754716057687254
2025-09-02 21:00:40,-1.6573517153107855,0.38158166014131584
2025-09-02 21:00:50,-2.0872396523186096,0.5857135980041963
2025-09-02 21:01:00,-2.130745166359275,0.38779689069396905
2025-09-02 21:01:10,-1.9055681499418635,0.5336380929573794
2025-09-02 21:01:20,-2.1760717014793123,0.46017905130756315
2025-09-02 21:01:30,-2.51173679256787,0.509975020558273
2025-09-02 21:01:40,-2.721898559196247,0.5074925377742854
2025-09-02 21:01:50,-2.775926395297832,1.0865530355629216
2025-09-02 21:02:00,-2.965540618773926,0.9144051919767688
2025-09-02 21:02:10,-2.877219264246185,0.3327718859761567
2025-09-02 21:02:20,-3.3736837437266245,0.6826557983213892
2025-09-02 21:02:30,-2.7689729943848063,0.8074657968517349
2025-09-02 21:02:40,-3.460035389484166,0.7395981492521025
2025-09-02 21:02:50,-3.363810616479789,0.9120641153598984
2025-09-02 21:03:00,-3.371071986491591,0.5363883261357071
2025-09-02 21:03:10,-3.840990212753936,0.8152933604915522
2025-09-02 21:03:20,-3.8820358611963077,1.1639535728833876
2025-09-02 21:03:30,-3.9151023411375387,1.0183023259598512
2025-09-02 21:03:40,-4.253613018577697,0.9942369975288781
2025-09-02 21:03:50,-4.413328673611842,0.9625561680917712
2025-09-02 21:04:00,-5.015895861042655,1.0965561292724864
2025-09-02 21:04:10,-6.41194364668526,0.9267683405318295
2025-09-02 21:04:20,9.409640103582328,14.168923949012523
2025-09-02 21:04:30,16.298979300704577,-3.46046584882288
2025-09-02 21:04:40,16.048136315770126,-6.876660857065347
2025-09-02 21:04:50,12.940955843195493,-5.778770314432663
2025-09-02 21:05:00,9.838906949937488,-5.280155388361896
2025-09-02 21:05:10,7.689672960493938,-4.5373144619193635
2025-09-02 21:05:20,6.000757828294437,-4.067980949861425
2025-09-02 21:05:30,5.279786011448115,-3.6708088819043505
2025-09-02 21:05:40,4.786633324606512,-3.9197848820407177
2025-09-02 21:05:50,4.4148519850264085,-3.374347513524611
2025-09-02 21:06:00,3.992027819808648,-3.3717042140125923
2025-09-02 21:06:10,3.6775904235487844,-3.4691941245276308
2025-09-02 21:06:20,3.106761406191667,-3.002552659989942
2025-09-02 21:06:30,2.548869088813001,-3.064999109020962
2025-09-02 21:06:40,1.711935204966451,-2.3941182955210185
2025-09-02 21:06:50,1.7814507241841153,-2.725211353807429
2025-09-02 21:07:00,1.7452712449105616,-2.2719226444844987
2025-09-02 21:07:10,1.2970203914744498,-2.670870164006886
2025-09-02 21:07:20,0.4327671618597489,-2.449967595899887
2025-09-02 21:07:30,-0.3553796708929013,-2.1564056060729953
2025-09-02 21:07:40,0.35681659688734507,-1.199159402484594
2025-09-02 21:07:50,3.4788760294875876,-1.201844663161255
2025-09-02 21:08:00,3.2759807262818352,-2.9390755579782697
2025-09-02 21:08:10,2.462575978233451,-3.14149919655961
2025-09-02 21:08:20,1.4870760217122299,-2.669407998828827
2025-09-02 21:08:30,1.1836547494305225,-2.620140429681147
2025-09-02 21:08:40,0.4014845235956703,-2.3128298118695234
2025-09-02 21:08:50,0.23473493044915483,-2.1731054428300305
2025-09-02 21:09:00,0.046749540117689836,-2.074042111169677
2025-09-02 21:09:10,0.0019867784759311294,-1.9532780309687947
2025-09-02 21:09:20,-0.3012430572821618,-2.0782301483158947
2025-09-02 21:09:30,-0.5134137194123183,-1.7347581110838761
2025-09-02 21:09:40,-0.8396735690832414,-1.7933807281247154
2025-09-02 21:09:50,-0.9887349944763067,-1.7880518194659463
2025-09-02 21:10:00,-1.2156641184699808,-1.0854505329237756
2025-09-02 21:10:10,-1.1400772653031794,-1.6242387024122942
2025-09-02 21:10:20,-1.277892639104839,-1.4038719880892292
2025-09-02 21:10:30,-1.6304249016197416,-1.5330636888808964
2025-09-02 21:10:40,-2.031689693257436,-1.2507325400844151
2025-09-02 21:10:50,-2.5868108701241153,-1.2064524265697905
2025-09-02 21:11:00,-3.4669288364393767,-0.9965194877052741
2025-09-02 21:11:10,-4.999283743259679,-0.2396725564100632
2025-09-02 21:11:20,-6.353007389953486,1.3166088954598474
2025-09-02 21:11:40,17.974944483889114,12.269519376051472
2025-09-02 21:11:50,14.875560333151105,-6.571149829007243
2025-09-02 21:12:00,14.99686516265902,-6.435357811814137
2025-09-02 21:12:10,10.735306659160438,-5.401111369723889
2025-09-02 21:12:20,8.921594996537793,-4.999830870300928
2025-09-02 21:12:30,6.775899467843263,-4.465893951138616
2025-09-02 21:12:40,5.829034059652566,-4.121010802101196
2025-09-02 21:12:50,4.999103486780984,-4.174961535556121
2025-09-02 21:13:00,4.744257434954535,-3.546907843304283
2025-09-02 21:13:10,3.986416612857592,-3.3135383615944667
2025-09-02 21:13:20,3.4599143122252003,-3.326738720016048
2025-09-02 21:13:30,2.948510643202095,-3.055983977740843
2025-09-02 21:13:40,3.283900109465019,-1.6969185031909941
2025-09-02 21:13:50,2.0377989658024798,-2.854648054105921
2025-09-02 21:14:00,1.966394922820982,-3.01436932796377
2025-09-02 21:14:10,1.7265281346402062,-2.6384243229950894
2025-09-02 21:14:20,1.6180859220907833,-2.3621348251748557
2025-09-02 21:14:30,0.8503568196027624,-2.5522747623468716
2025-09-02 21:14:40,-0.057691469848197806,-2.4240798277129554
2025-09-02 21:14:50,-0.41674548024311175,-1.428518748304535
2025-09-02 21:15:00,3.1161258984339004,-1.040292107690542
2025-09-02 21:15:10,3.1990666507251437,-2.8543365333338317
2025-09-02 21:15:20,2.4234465955682443,-3.0141835486681656
2025-09-02 21:15:30,1.4531088588854715,-2.836379204721504
2025-09-02 21:15:40,1.0813930030689038,-2.5234585703063823
2025-09-02 21:15:50,0.2620291436478269,-2.031416442778181
2025-09-02 21:16:00,0.33917034091798853,-2.247584033525911
2025-09-02 21:16:10,0.20173934798212728,-2.10509909461823
2025-09-02 21:16:20,0.13209846381920695,-2.304708982749394
2025-09-02 21:16:30,-0.1291709174237313,-1.9513096353635175
2025-09-02 21:16:40,-0.47374342542878245,-1.9199075815920374
2025-09-02 21:16:50,-0.7088364057368348,-1.8181194640501837
2025-09-02 21:17:00,-0.6424136241130063,-1.6292843888810205
2025-09-02 21:17:10,-1.1267962244472467,-1.724357415179336
2025-09-02 21:17:20,-1.3440913173998048,-1.5483751355111541
2025-09-02 21:17:30,-1.2218228961151087,-1.5200507485050874
2025-09-02 21:17:40,-1.6214861728347427,-1.605720758235676
2025-09-02 21:17:50,-1.858545724628226,-1.2653888033524958
2025-09-02 21:18:00,-2.3437648287649586,-1.2124649750427814
2025-09-02 21:18:10,-2.7204418392648697,-1.2034365915407015
2025-09-02 21:18:20,-4.138046014894215,-0.7654672567649673
2025-09-02 21:18:30,-5.49332205055787,0.27377853491994203
2025-09-02 21:18:40,-8.13179845006003,2.840261633880964
2025-09-02 21:18:50,11.973375162662366,15.642687497590428
2025-09-02 21:19:00,16.181167713092492,-4.656457697685702
2025-09-02 21:19:10,15.68354977260916,-6.572482437695987
2025-09-02 21:19:20,11.733773246345715,-5.583314143033075
2025-09-02 21:19:30,9.496851178418021,-5.057830672329516
2025-09-02 21:19:40,7.015671724943087,-4.431002448636382
2025-09-02 21:19:50,5.597278390059084,-3.9640360054947434
2025-09-02 21:20:00,4.850775807594797,-3.7158352634060186
2025-09-02 21:20:10,4.089747591488964,-3.5634862044517317
2025-09-02 21:20:20,3.924763849305903,-3.4493216411547047
2025-09-02 21:20:30,3.5716749414967306,-2.894145489852999
2025-09-02 21:20:40,3.4186095740663465,-3.235912069872468
2025-09-02 21:20:50,2.9687661496046363,-3.178883005802021
2025-09-02 21:21:00,2.643964222954868,-2.826311974186488
2025-09-02 21:21:10,1.9136204149873166,-2.769466925083191
2025-09-02 21:21:20,1.8104571678028378,-2.775175291925063
2025-09-02 21:21:30,1.792978388481645,-2.415595179233233
2025-09-02 21:21:40,1.7701387356390692,-2.5949484457683547
2025-09-02 21:21:50,1.5706108747544871,-2.672503902037491
2025-09-02 21:22:00,0.9399854841465768,-2.3617615838955754
2025-09-02 21:22:10,1.0428712026863554,-2.360951684127807
2025-09-02 21:22:20,0.8851950778384434,-2.074733808497388
2025-09-02 21:22:30,0.5407827834884555,-2.4225749284701634
2025-09-02 21:22:40,0.4434833691782332,-2.263030558956082
2025-09-02 21:22:50,0.483872606897523,-1.9699163394667798
2025-09-02 21:23:00,0.3527470157310512,-2.2299788100447877
2025-09-02 21:23:10,-0.14963156114900905,-2.0139834958969263
2025-09-02 21:23:20,0.026690269377137556,-1.9389176074464465
2025-09-02 21:23:30,-0.29258939327087563,-1.9680176558446874
2025-09-02 21:23:40,-0.3542011602973645,-1.9524616960212124
2025-09-02 21:23:50,-0.558352281103291,-1.635018432218298
2025-09-02 21:24:00,-0.712266923717999,-1.6996629802256316
2025-09-02 21:24:10,-1.0417029794846422,-1.6178873451719182
2025-09-02 21:24:20,-1.2073768465140167,-1.550871606322185
2025-09-02 21:24:30,-1.223915519364068,-1.6723666731794873
2025-09-02 21:24:40,-1.7384599597990678,-1.0553098444571787
2025-09-02 21:24:50,-1.7634203389726484,-1.2048726124723872
2025-09-02 21:25:00,-1.9516231532221715,-1.234395561635837
2025-09-02 21:25:10,-2.0518460206646334,-1.2798277719685633
2025-09-02 21:25:20,-2.654758084777954,-1.1561006224943846
2025-09-02 21:25:30,-3.6437062353303773,-0.8669880386220148
2025-09-02 21:25:40,-5.136965307627444,-0.08366791875526734
2025-09-02 21:25:50,-6.509491950188726,1.387207196829187
2025-09-02 21:26:10,18.94714511283784,12.147462581620365
2025-09-02 21:26:20,14.89305523829345,-6.914256984256879
2025-09-02 21:26:30,14.612292081855227,-6.308508720976139
2025-09-02 21:26:40,9.986451955151994,-5.043487938089527
2025-09-02 21:26:50,8.536663081306276,-4.782774458091765
2025-09-02 21:27:00,6.10061755325425,-4.104585408467531
2025-09-02 21:27:10,5.138527698155504,-3.4079198760792804
2025-09-02 21:27:20,4.558090615159265,-3.4802722134135453
2025-09-02 21:27:30,4.278995863618736,-3.2893837637526793
2025-09-02 21:27:40,3.7183979437254795,-3.2699933430108175
2025-09-02 21:27:50,3.587985161144326,-3.146316744799599
2025-09-02 21:28:00,3.1957521228484485,-3.1383770018430375
2025-09-02 21:28:10,2.941044761817663,-3.044915180632152
2025-09-02 21:28:20,2.3545475668298086,-2.9934564977666946
2025-09-02 21:28:30,1.8866149094063058,-2.7973080473583556
2025-09-02 21:28:40,1.9870629333132255,-2.903088434727882
2025-09-02 21:28:50,1.9007867558089548,-2.670823448713418
2025-09-02 21:29:00,1.5429856575853536,-2.5975288782988413
2025-09-02 21:29:10,1.2516607747885675,-2.4710578826089775
2025-09-02 21:29:20,0.5363271906015062,-2.2511596043222335
2025-09-02 21:29:30,0.9053501133337337,-2.246132344295493
2025-09-02 21:29:40,0.7269984237217545,-2.1554348281930005
2025-09-02 21:29:50,0.6914802419740099,-2.423157484714376
2025-09-02 21:30:00,0.6834577448809226,-2.3401152430837002
2025-09-02 21:30:10,0.44212727733124063,-2.322907499434266
2025-09-02 21:30:20,0.246839361907654,-2.407937702851325
2025-09-02 21:30:30,-0.2772548579339606,-1.910786626881379
2025-09-02 21:30:40,-0.25301532658438325,-1.8336858294491307
2025-09-02 21:30:50,-0.5180028737676072,-2.073600242860252
2025-09-02 21:31:00,-0.4009629371593337,-1.7296329063643772
2025-09-02 21:31:10,-0.5513382420695714,-1.9350749630634325
2025-09-02 21:31:20,-0.7657453320993072,-1.6669469285506788
2025-09-02 21:31:30,-0.9288889958037195,-1.6761486670038492
2025-09-02 21:31:40,-1.0923297292034897,-1.4600660733646653
2025-09-02 21:31:50,-1.1279243689258929,-1.668583562561193
2025-09-02 21:32:00,-1.3189781422205629,-1.433768972139927
2025-09-02 21:32:10,-1.4280713017967683,-1.706457679275666
2025-09-02 21:32:20,-1.6604159655946371,-1.6259285188668529
2025-09-02 21:32:30,-2.129981067845235,-1.5872589242500907
2025-09-02 21:32:40,-3.194792810224967,-1.1856463025746393
2025-09-02 21:32:50,-4.446233446844065,-0.4517854618205798
2025-09-02 21:33:00,-5.733988073893727,0.6722500551589821
2025-09-02 21:33:10,-9.836284699800773,3.9878583858773466
2025-09-02 21:33:20,21.405936743932983,28.429082484753845
2025-09-02 21:33:30,15.227037862530654,-5.744124384612427
2025-09-02 21:33:40,15.151917609417016,-6.591529027570653
2025-09-02 21:33:50,11.294233108737181,-5.239300081767812
2025-09-02 21:34:00,9.35574466465789,-5.08777131253938
2025-09-02 21:34:10,6.982241275968139,-4.229106350093206
2025-09-02 21:34:20,5.442554591671577,-4.099371391591999
2025-09-02 21:34:30,4.925164552336928,-3.7650923441338366
2025-09-02 21:34:40,4.511354610047704,-3.5103551349444135
2025-09-02 21:34:50,3.7700274880536253,-3.4546252963633677
2025-09-02 21:35:00,3.462226967849663,-3.014360381233685
2025-09-02 21:35:10,3.018054101317104,-3.217745502761363
2025-09-02 21:35:20,2.84533625666685,-2.9538837232903594
2025-09-02 21:35:30,2.574404581173135,-2.854963900038579
2025-09-02 21:35:40,2.2479657867099787,-2.611927768930353
2025-09-02 21:35:50,2.0112154275350074,-2.823343711781186
2025-09-02 21:36:00,1.6887763277909111,-2.686025398681833
2025-09-02 21:36:10,1.7604560752622442,-2.556328785541148
2025-09-02 21:36:20,1.6176221701616915,-2.251772140590169
2025-09-02 21:36:30,1.2788156386184384,-2.581988137451454
2025-09-02 21:36:40,0.7407090729249804,-2.271515164805985
2025-09-02 21:36:50,0.781577370619857,-2.1771065206771336
2025-09-02 21:37:00,0.6916460195083932,-2.3977461429716187
2025-09-02 21:37:10,0.606558319886655,-2.185498653606747
2025-09-02 21:37:20,0.39479476755895027,-2.425819371265945
2025-09-02 21:37:30,0.34049839255109543,-2.2968027135613975
2025-09-02 21:37:40,0.1307549964076716,-2.1382824452264186
2025-09-02 21:37:50,-0.44535193745504775,-1.8867345684714847
2025-09-02 21:38:00,-0.5619286459463504,-1.7519367994785757
2025-09-02 21:38:10,-0.6118716812936661,-1.6782318541426677
2025-09-02 21:38:20,-0.8379212920937231,-1.8539328716904402
2025-09-02 21:38:30,-1.033183852246646,-1.676691650420776
2025-09-02 21:38:40,-1.066250551092868,-1.3853295755918456
2025-09-02 21:38:50,-1.184441074896707,-1.6251854218721729
2025-09-02 21:39:00,-1.3247092995694976,-1.493511620542292
2025-09-02 21:39:10,-1.562405553362462,-1.4822319386919192
2025-09-02 21:39:20,-2.2851899544870697,-0.8949561042121892
2025-09-02 21:39:30,-2.2966164029270835,-1.339098387934656
2025-09-02 21:39:40,-2.5722617840167166,-0.9995757380822611
2025-09-02 21:39:50,-3.4276278629836456,-0.9620924218841698
2025-09-02 21:40:00,-5.112776953458041,-0.24526055995783574
2025-09-02 21:40:10,-5.871255315233704,0.8812205034846344
2025-09-02 21:40:20,-11.61179560380613,5.33924789973736
