datetime,packet_count_sum,packet_count_mean,packet_count_max,total_bytes_sum,total_bytes_mean,mean_packet_size_mean,packet_rate_mean,byte_rate_mean,flow_id_nunique,src_ip_nunique,dst_ip_nunique,direction_<lambda>,timestamp_numeric,time_since_start,hour_sin,hour_cos,packets_per_flow,packet_count_sum_ma2,packet_count_sum_diff,packet_count_sum_lag1,total_bytes_sum_ma2,total_bytes_sum_diff,total_bytes_sum_lag1,time_window
2025-09-02 16:38:30,2762616,61.515865416731614,24720,114773856,2555.698323275958,41.90075686109888,397.9746961127637,15416.395597215167,44909,22104,23994,A,1756831110,0,0.0,1.0,61.51449565798263,2762616.0,0.0,0.0,114773856.0,0.0,0.0,30s
2025-09-02 16:39:00,456665,10.612712061352545,11585,21081360,489.92237973506855,40.83232854826864,563.5240705256388,21245.84251835005,43030,18674,25148,A,1756831140,30,0.05233595624294383,0.9986295347545739,10.612465431897935,1609640.5,-2305951.0,2762616.0,67927608.0,-93692496.0,114773856.0,30s
2025-09-02 16:39:30,277883,7.20333359255515,7266,12956640,335.8643751458123,40.27368683065542,596.2207113398996,22283.627009595177,38577,16736,22653,A,1756831170,60,0.10452846326765347,0.9945218953682733,7.203146871273783,367274.0,-178782.0,456665.0,17019000.0,-8124720.0,21081360.0,30s
2025-09-02 16:40:00,223960,5.840200271200584,11642,10307812,268.79659956190676,40.26421155548561,643.8413157093705,24043.842130605946,38348,16116,23276,A,1756831200,90,0.15643446504023087,0.9876883405951377,5.840047980390623,250921.5,-53923.0,277883.0,11632226.0,-2648828.0,12956640.0,30s
2025-09-02 16:40:30,211177,5.685665823057455,6270,9723960,261.8049647299553,40.360575417796674,656.028668018882,24568.87034469284,37142,15576,22741,A,1756831230,120,0.20791169081775934,0.9781476007338057,5.685512748027892,217568.5,-12783.0,223960.0,10015886.0,-583852.0,10307812.0,30s
2025-09-02 16:41:00,165981,4.708680851063829,5139,7723484,219.10592907801419,40.136608468318215,694.6982681579716,25869.37125413456,35250,14553,21705,A,1756831260,150,0.2588190451025208,0.9659258262890684,4.7085472752546025,188579.0,-45196.0,211177.0,8723722.0,-2000476.0,9723960.0,30s
2025-09-02 16:41:30,202640,5.662391371168301,8987,9257132,258.67303769525245,39.893185933654046,702.0685214998244,25945.87215432033,35787,14732,21598,A,1756831290,180,0.30901699437494745,0.9510565162951536,5.662233150776797,184310.5,36659.0,165981.0,8490308.0,1533648.0,7723484.0,30s
2025-09-02 16:42:00,165088,4.710474505663823,6834,7532516,214.92612777127857,39.74598626577049,718.9337543826978,26550.12855981533,35047,14539,21482,A,1756831320,210,0.3583679495453003,0.9335804264972016,4.710340104998859,183864.0,-37552.0,202640.0,8394824.0,-1724616.0,9257132.0,30s
2025-09-02 16:42:30,150268,4.722438717787555,4296,7006508,220.19195474544313,39.984060408268356,711.0877589733005,26329.012900149297,31820,13066,19920,A,1756831350,240,0.4067366430758002,0.9135454576426008,4.722290311429559,157678.0,-14820.0,165088.0,7269512.0,-526008.0,7532516.0,30s
2025-09-02 16:43:00,135061,4.260599369085173,3161,6196104,195.46069400630915,39.89404834373452,720.53924421388,26646.318770349215,31700,12797,19670,A,1756831380,270,0.45399049973954675,0.8910065241883677,4.26046496955932,142664.5,-15207.0,150268.0,6601306.0,-810404.0,7006508.0,30s
2025-09-02 16:43:30,111378,3.701003522296803,4248,5162824,171.55658935335947,40.16263107752445,717.768613184782,26699.68127884674,30094,12429,18954,A,1756831410,300,0.4999999999999999,0.8660254037844386,3.70088054494102,123219.5,-23683.0,135061.0,5679464.0,-1033280.0,6196104.0,30s
2025-09-02 16:44:00,98017,3.180924255208671,7041,4542684,147.42272992795483,40.19937126932324,739.8982635750314,27800.903444335938,30814,12599,19391,A,1756831440,330,0.544639035015027,0.8386705679454242,3.1808210287197793,104697.5,-13361.0,111378.0,4852754.0,-620140.0,5162824.0,30s
2025-09-02 16:44:30,1489805,50.72712724301134,25279,59175460,2014.8952977629474,40.92141049175599,747.749737945896,29760.263834442725,29353,13525,18242,A,1756831470,360,0.587785252292473,0.8090169943749476,50.75304898821285,793911.0,1391788.0,98017.0,31859072.0,54632776.0,4542684.0,30s
2025-09-02 16:45:00,1521142,25.6088823044159,12212,66332508,1116.7276890183336,41.414031674065434,474.72379178129614,17885.896859483713,59399,26218,31208,A,1756831500,390,0.6293203910498374,0.7771459614569711,25.60845117845118,1505473.5,31337.0,1489805.0,62753984.0,7157048.0,59175460.0,30s
2025-09-02 16:45:30,389107,9.281689804875722,10166,18227500,434.79557273030866,40.00935692311585,610.0383841734018,22402.525657540606,41922,17182,23994,A,1756831530,420,0.6691306063588582,0.7431448254773944,9.281468406364048,955124.5,-1132035.0,1521142.0,42280004.0,-48105008.0,66332508.0,30s
2025-09-02 16:46:00,282344,6.795773461381087,8850,13177568,317.1725515681036,39.49106693781601,638.6219058448773,23297.00100207552,41547,16708,23464,A,1756831560,450,0.7071067811865476,0.7071067811865477,6.795609896986618,335725.5,-106763.0,389107.0,15702534.0,-5049932.0,18227500.0,30s
2025-09-02 16:46:30,233865,5.677437366478928,8833,10842256,263.2126626529423,39.30857597488654,666.2643080465036,24207.217503122763,41192,16746,23262,A,1756831590,480,0.7431448254773942,0.6691306063588582,5.677299541184182,258104.5,-48479.0,282344.0,12009912.0,-2335312.0,13177568.0,30s
2025-09-02 16:47:00,190646,4.83112868075617,2985,8703484,220.5535451827074,39.45089209119839,688.9996305545332,25118.558607119277,39462,16043,22517,A,1756831620,510,0.777145961456971,0.6293203910498374,4.831006259027443,212255.5,-43219.0,233865.0,9772870.0,-2138772.0,10842256.0,30s
2025-09-02 16:47:30,181530,4.573580912549445,7067,8470488,213.41079841777733,39.50925936396563,711.6923754937961,26003.16766055313,39691,16093,23008,A,1756831650,540,0.8090169943749475,0.5877852522924731,4.57346568578051,186088.0,-9116.0,190646.0,8586986.0,-232996.0,8703484.0,30s
2025-09-02 16:48:00,185605,5.142124948053747,9802,8612248,238.5994736113035,39.54570250135526,710.5439946257623,25976.17176976743,36095,14802,20978,A,1756831680,570,0.838670567945424,0.544639035015027,5.141982491134752,183567.5,4075.0,181530.0,8541368.0,141760.0,8470488.0,30s
2025-09-02 16:48:30,136333,4.1127334157893145,5633,6225492,187.80331231711364,39.77407401701115,714.6099549388547,26281.87757060669,33149,13821,19900,A,1756831710,600,0.8660254037844385,0.5000000000000001,4.112609351432881,160969.0,-49272.0,185605.0,7418870.0,-2386756.0,8612248.0,30s
2025-09-02 16:49:00,149873,4.418946809765303,4447,6862256,202.33093525179856,39.702203220659555,721.5026605793487,26584.35220223119,33916,13660,20659,A,1756831740,630,0.8910065241883677,0.4539904997395468,4.418816522687738,143103.0,13540.0,136333.0,6543874.0,636764.0,6225492.0,30s
2025-09-02 16:49:30,109345,3.2341979946168182,2574,5008500,148.14102753704634,39.740504708879314,726.8452183505035,26778.811910616,33809,13399,20648,A,1756831770,660,0.9135454576426008,0.4067366430758004,3.2341023365868087,129609.0,-40528.0,149873.0,5935378.0,-1853756.0,6862256.0,30s
2025-09-02 16:50:00,106293,3.125805028672254,5421,4885464,143.66898985443316,39.84189977028859,733.3978436589467,27219.10425985854,34005,13446,20999,A,1756831800,690,0.9335804264972017,0.3583679495453002,3.125713109451273,107819.0,-3052.0,109345.0,4946982.0,-123036.0,5008500.0,30s
2025-09-02 16:50:30,62889,1.9647286700615452,1452,2815760,87.96775906776219,40.6532910578002,837.776830813377,32775.76704567668,32009,12698,19806,A,1756831830,720,0.9510565162951536,0.3090169943749475,1.9646672914714152,84591.0,-43404.0,106293.0,3850612.0,-2069704.0,4885464.0,30s
2025-09-02 16:51:00,2840673,50.77798830952934,40513,118489072,2118.03213985664,41.71317409805556,430.0164652284245,16472.21127525641,55942,25604,29722,A,1756831860,750,0.9659258262890684,0.2588190451025208,50.77798830952934,1451781.0,2777784.0,62889.0,60652416.0,115673312.0,2815760.0,30s
2025-09-02 16:51:30,432384,9.738378378378378,11617,20009220,450.6581081081081,40.45228692707376,585.1443945115655,21802.416827021047,44400,19116,25716,A,1756831890,780,0.9781476007338058,0.20791169081775948,9.738159050471836,1636528.5,-2408289.0,2840673.0,69249146.0,-98479852.0,118489072.0,30s
2025-09-02 16:52:00,281109,6.7079246903858545,7869,13025932,310.8295034242489,40.02021859481977,620.924282304708,22983.415220860457,41907,17707,24307,A,1756831920,810,0.9876883405951375,0.15643446504023115,6.707764627278801,356746.5,-151275.0,432384.0,16517576.0,-6983288.0,20009220.0,30s
2025-09-02 16:52:30,238335,5.9160750632974235,5703,10916092,270.96490095814926,39.86478613871949,644.9376147750787,23863.23262673563,40286,16861,23650,A,1756831950,840,0.9945218953682733,0.10452846326765346,5.915928215056966,259722.0,-42774.0,281109.0,11971012.0,-2109840.0,13025932.0,30s
2025-09-02 16:53:00,182368,4.631097793240052,3004,8376900,212.7250565021966,39.91957921667842,670.7623395067423,24797.095514669927,39379,16256,23536,A,1756831980,870,0.9986295347545739,0.052335956242943966,4.630980192991366,210351.5,-55967.0,238335.0,9646496.0,-2539192.0,10916092.0,30s
2025-09-02 16:53:30,195654,4.925334810190313,7354,9026640,227.23391400664585,39.6759829759051,706.9659150845895,26014.932565235027,39724,16079,23544,A,1756832010,900,1.0,6.123233995736766e-17,4.9252108244178725,189011.0,13286.0,182368.0,8701770.0,649740.0,8376900.0,30s
2025-09-02 16:54:00,161672,4.418112753805373,3003,7354332,200.97647090973683,39.97975195032328,705.1798813013004,26111.794256892204,36593,15287,21691,A,1756832040,930,0.998629534754574,-0.05233595624294362,4.417992020549817,178663.0,-33982.0,195654.0,8190486.0,-1672308.0,9026640.0,30s
2025-09-02 16:54:30,171896,4.635189429688554,6762,7892928,212.8334366994742,39.72527770012704,716.50251062574,26414.480618630627,37085,14884,22492,A,1756832070,960,0.9945218953682733,-0.10452846326765335,4.6350644448039695,166784.0,10224.0,161672.0,7623630.0,538596.0,7354332.0,30s
2025-09-02 16:55:00,154725,4.3303946263643995,4999,7244536,202.75779457038902,39.92179362714625,727.2828397413258,27008.576558116976,35730,13856,21933,A,1756832100,990,0.9876883405951377,-0.1564344650402308,4.330273432033808,163310.5,-17171.0,171896.0,7568732.0,-648392.0,7892928.0,30s
2025-09-02 16:55:30,131759,3.731175487780704,4364,6092844,172.53827202446692,39.860281415685705,727.2151249560185,26915.096814897257,35313,14011,21503,A,1756832130,1020,0.9781476007338058,-0.20791169081775937,3.73106983066206,143242.0,-22966.0,154725.0,6668690.0,-1151692.0,7244536.0,30s
2025-09-02 16:56:00,117313,3.426597733380068,7293,5396804,157.6353545974997,39.88702265209175,738.828618775201,27435.78636019498,34236,13399,21325,A,1756832160,1050,0.9659258262890685,-0.2588190451025207,3.4264976487425884,124536.0,-14446.0,131759.0,5744824.0,-696040.0,6092844.0,30s
2025-09-02 16:56:30,84300,2.510497632448852,1802,3850152,114.65951934244617,40.12539031412477,790.9617170791796,30058.59392656407,33579,13284,20589,A,1756832190,1080,0.9510565162951538,-0.3090169943749474,2.5104228707564027,100806.5,-33013.0,117313.0,4623478.0,-1546652.0,5396804.0,30s
2025-09-02 16:57:00,2626344,51.740425531914894,21761,109627120,2159.7147360126082,41.84439127686377,478.65197224695214,18775.179123060265,50739,23933,27333,A,1756832220,1110,0.9335804264972017,-0.3583679495453003,51.76081986598344,1355322.0,2542044.0,84300.0,56738636.0,105776968.0,3850152.0,30s
2025-09-02 16:57:30,539541,11.544935164976248,12737,24758772,529.7807163949159,40.728860470324236,565.2721066751259,21223.275198127936,46734,20154,26933,A,1756832250,1140,0.9135454576426009,-0.4067366430758003,11.544688135230555,1582942.5,-2086803.0,2626344.0,67192946.0,-84868348.0,109627120.0,30s
2025-09-02 16:58:00,358125,9.023735732103711,38230,16968480,427.5576385214302,40.34300023774059,607.694529794408,22627.500349163896,39687,16885,23501,A,1756832280,1170,0.8910065241883678,-0.4539904997395467,9.023508365248942,448833.0,-181416.0,539541.0,20863626.0,-7790292.0,24758772.0,30s
2025-09-02 16:58:30,223289,6.015490719038767,7268,10435420,281.1341900374471,40.152279588431284,633.1541583986408,23557.760745390187,37119,15657,22300,A,1756832310,1200,0.8660254037844387,-0.4999999999999997,6.015328663793103,290707.0,-134836.0,358125.0,13701950.0,-6533060.0,16968480.0,30s
2025-09-02 16:59:00,211402,5.882244914994852,8596,9856068,274.244358496341,39.90209296576703,664.6040594840323,24617.21999248838,35939,15292,21497,A,1756832340,1230,0.8386705679454243,-0.5446390350150266,5.882081246521981,217345.5,-11887.0,223289.0,10145744.0,-579352.0,10435420.0,30s
2025-09-02 16:59:30,175554,4.695087053034152,10750,8177916,218.7134872028028,39.898945427156164,697.738496747832,25787.496804090842,37391,15600,22254,A,1756832370,1260,0.8090169943749476,-0.5877852522924729,4.694961489088575,193478.0,-35848.0,211402.0,9016992.0,-1678152.0,9856068.0,30s
2025-09-02 17:00:00,189432,5.245099125041532,10302,8814460,244.0596965333924,39.95730734837547,706.1633406428194,26205.40656825511,36116,14762,22085,A,1756832400,1290,0.7771459614569711,-0.6293203910498372,5.244953899825567,182493.0,13878.0,175554.0,8496188.0,636544.0,8177916.0,30s
2025-09-02 17:00:30,184626,5.24535484970737,5893,8497236,241.41246661742144,39.89373371842855,708.0123921856292,26236.166614233993,35198,14647,21187,A,1756832430,1320,0.7431448254773946,-0.6691306063588579,5.245205829711072,187029.0,-4806.0,189432.0,8655848.0,-317224.0,8814460.0,30s
2025-09-02 17:01:00,139752,4.385477139360467,4581,6509892,204.28317695421595,39.99693602807461,714.2286479180004,26470.273806296074,31867,13356,19543,A,1756832460,1350,0.7071067811865477,-0.7071067811865475,4.385339525542864,162189.0,-44874.0,184626.0,7503564.0,-1987344.0,8497236.0,30s
2025-09-02 17:01:30,126341,3.8101571217467356,7593,5829436,175.80252721734672,39.970321298221805,716.2869907266447,26534.268355459044,33159,13458,20531,A,1756832490,1380,0.669130606358858,-0.7431448254773945,3.8100422195416166,133046.5,-13411.0,139752.0,6169664.0,-680456.0,6509892.0,30s
2025-09-02 17:02:00,115491,3.570929441592975,1454,5305928,164.0568919671016,39.7407679783289,719.9987582810006,26453.733789621405,32342,13364,19493,A,1756832520,1410,0.6293203910498374,-0.777145961456971,3.5708190334848346,120916.0,-10850.0,126341.0,5567682.0,-523508.0,5829436.0,30s
2025-09-02 17:02:30,88806,2.5805945427600037,1456,4014104,116.64498881236742,40.22963733019559,745.6517147486176,28043.207307995628,34413,13725,21126,A,1756832550,1440,0.5877852522924731,-0.8090169943749475,2.580519555994653,102148.5,-26685.0,115491.0,4660016.0,-1291824.0,5305928.0,30s
2025-09-02 17:03:00,2365971,54.21440846910016,20932,97715856,2239.083797346532,41.85699376489746,561.3623882656523,22271.271302476624,43602,20422,23839,A,1756832580,1470,0.5446390350150272,-0.8386705679454239,54.261656308052196,1227388.5,2277165.0,88806.0,50864980.0,93701752.0,4014104.0,30s
2025-09-02 17:03:30,711625,13.801078292574132,24741,31856656,617.8200647751295,40.855599079884044,530.0805021113933,19957.917934319063,51563,22584,28390,A,1756832610,1500,0.4999999999999999,-0.8660254037844386,13.800810643084322,1538798.0,-1654346.0,2365971.0,64786256.0,-65859200.0,97715856.0,30s
2025-09-02 17:04:00,304621,7.132811951202379,8790,14177268,331.9659072283232,40.52327551287484,604.1054798223589,22634.756383902684,42707,17928,25268,A,1756832640,1530,0.45399049973954686,-0.8910065241883677,7.132644937716587,508123.0,-407004.0,711625.0,23016962.0,-17679388.0,31856656.0,30s
2025-09-02 17:04:30,250626,6.231067574958978,15274,11686292,290.54477649047783,40.077392598768945,632.5016271512899,23527.316793340746,40222,16997,23813,A,1756832670,1560,0.40673664307580043,-0.9135454576426006,6.230912661909852,277623.5,-53995.0,304621.0,12931780.0,-2490976.0,14177268.0,30s
2025-09-02 17:05:00,218475,5.541675121753247,7366,10286256,260.9135551948052,40.07101829278783,670.7597818289701,25022.653079470714,39424,16301,23619,A,1756832700,1590,0.35836794954530066,-0.9335804264972016,5.541534559289791,234550.5,-32151.0,250626.0,10986274.0,-1400036.0,11686292.0,30s
2025-09-02 17:05:30,356778,9.273223475593907,107308,15871048,412.513593595675,39.978951126074676,714.8635665642142,26693.463517292847,38474,15360,23632,A,1756832730,1620,0.309016994374948,-0.9510565162951535,9.272982456140351,287626.5,138303.0,218475.0,13078652.0,5584792.0,10286256.0,30s
2025-09-02 17:06:00,174973,4.901341774279391,7642,8165108,228.72091655228436,39.74633599600977,710.0314027707329,26182.26476305342,35699,14929,21524,A,1756832760,1650,0.25881904510252063,-0.9659258262890685,4.901204481792717,265875.5,-181805.0,356778.0,12018078.0,-7705940.0,15871048.0,30s
2025-09-02 17:06:30,142495,4.357911798886782,3111,6547848,200.25224784390483,39.992985293354224,711.8678896436104,26438.1508579349,32698,13844,19938,A,1756832790,1680,0.20791169081775931,-0.9781476007338057,4.357778525337166,158734.0,-32478.0,174973.0,7356478.0,-1617260.0,8165108.0,30s
2025-09-02 17:07:00,143398,4.5141975697286405,9467,6624612,208.54410375873576,39.8783258473725,716.8306378416128,26529.96280993161,31766,13189,19545,A,1756832820,1710,0.15643446504023098,-0.9876883405951377,4.514055466364466,142946.5,903.0,142495.0,6586230.0,76764.0,6547848.0,30s
2025-09-02 17:07:30,134536,3.970253201912294,7138,6196380,182.85958803045506,39.769358720099035,731.5870138488885,27041.17015135793,33886,13567,20958,A,1756832850,1740,0.10452846326765375,-0.9945218953682732,3.9701360403694634,138967.0,-8862.0,143398.0,6410496.0,-428232.0,6624612.0,30s
2025-09-02 17:08:00,101783,3.178136514082308,2735,4619920,144.255292574783,39.66482022075762,730.7064526963553,26825.17812994855,32026,13118,19330,A,1756832880,1770,0.05233595624294381,-0.9986295347545739,3.178037281044119,118159.5,-32753.0,134536.0,5408150.0,-1576460.0,6196380.0,30s
2025-09-02 17:08:30,92889,2.8911263967132497,3170,4263276,132.6924585265648,39.963766423581596,746.0924142097515,27840.610555366144,32129,12956,19811,A,1756832910,1800,1.2246467991473532e-16,-1.0,2.8910364145658263,97336.0,-8894.0,101783.0,4441598.0,-356644.0,4619920.0,30s
2025-09-02 17:09:00,2028172,54.98636302019791,27841,78385552,2125.13357733496,41.177649779451826,636.6666325776143,25170.009968448063,36863,17124,21353,A,1756832940,1830,-0.05233595624294356,-0.998629534754574,55.01768663194444,1060530.5,1935283.0,92889.0,41324414.0,74122276.0,4263276.0,30s
2025-09-02 17:09:30,946878,17.592115041617124,13465,41104848,763.6899524375743,41.364068162024104,501.4136741905819,19078.438375321406,53824,24020,29419,A,1756832970,1860,-0.10452846326765305,-0.9945218953682732,17.591788202508127,1487525.0,-1081294.0,2028172.0,59745200.0,-37280704.0,78385552.0,30s
2025-09-02 17:10:00,380278,8.9961912422228,9674,17407444,411.8058243240046,40.329249289087294,594.24465983365,22254.120730504826,42271,18348,25043,A,1756833000,1890,-0.15643446504023076,-0.9876883405951377,8.995978425435275,663578.0,-566600.0,946878.0,29256146.0,-23697404.0,41104848.0,30s
2025-09-02 17:10:30,256938,6.619213231316176,7858,12075884,311.09781796635497,40.20462861558574,630.1695174334388,23589.83601925609,38817,16733,23105,A,1756833030,1920,-0.2079116908177591,-0.9781476007338058,6.619042712143851,318608.0,-123340.0,380278.0,14741664.0,-5331560.0,17407444.0,30s
2025-09-02 17:11:00,367740,10.225793893554307,150003,18078144,502.70129581224626,40.100937566060786,673.118078610665,25119.97253557073,35962,15456,21583,A,1756833060,1950,-0.25881904510252085,-0.9659258262890684,10.22550955148347,312339.0,110802.0,256938.0,15077014.0,6002260.0,12075884.0,30s
2025-09-02 17:11:30,187581,5.488997483466963,5963,8765556,256.4978053490958,40.21847122163025,700.9183756288481,26247.41622705739,34174,14342,21205,A,1756833090,1980,-0.30901699437494734,-0.9510565162951538,5.488836869056327,277660.5,-180159.0,367740.0,13421850.0,-9312588.0,18078144.0,30s
2025-09-02 17:12:00,158025,4.558764135702746,8959,7271756,209.77832910223864,39.83106116568268,719.2511745370558,26639.014254186248,34664,14534,20875,A,1756833120,2010,-0.3583679495453005,-0.9335804264972016,4.558632626568585,172803.0,-29556.0,187581.0,8018656.0,-1493800.0,8765556.0,30s
2025-09-02 17:12:30,167264,4.730450521790774,10443,7785756,220.1916343788003,39.91924417429355,724.8325178427008,26993.806689164045,35359,14087,21929,A,1756833150,2040,-0.40673664307580026,-0.9135454576426008,4.730316742081448,162644.5,9239.0,158025.0,7528756.0,514000.0,7271756.0,30s
2025-09-02 17:13:00,161092,4.680593892553099,5627,7254828,210.7919923293721,39.819814248394074,727.2460664886261,26938.363249269816,34417,13923,21176,A,1756833180,2070,-0.45399049973954664,-0.8910065241883678,4.68045789993608,164178.0,-6172.0,167264.0,7520292.0,-530928.0,7785756.0,30s
2025-09-02 17:13:30,107328,3.402054012932674,2239,4853944,153.85900849499177,39.78468645110333,732.7098361114271,27134.063940993092,31548,12771,19721,A,1756833210,2100,-0.4999999999999997,-0.8660254037844387,3.4019461789597134,134210.0,-53764.0,161092.0,6054386.0,-2400884.0,7254828.0,30s
2025-09-02 17:14:00,130750,4.137134539931655,6844,6096628,192.90684723452728,39.94336070361101,728.0344118347587,27026.15099327632,31604,12826,19647,A,1756833240,2130,-0.5446390350150266,-0.8386705679454243,4.137003638664768,119039.0,23422.0,107328.0,5475286.0,1242684.0,4853944.0,30s
2025-09-02 17:14:30,98771,3.3151305632006443,13521,4597580,154.31227763979325,40.07459418949256,749.4368521948155,28069.316275114583,29794,11941,18726,A,1756833270,2160,-0.5877852522924729,-0.8090169943749477,3.3150192985400233,114760.5,-31979.0,130750.0,5347104.0,-1499048.0,6096628.0,30s
2025-09-02 17:15:00,1760079,53.06397539871567,20289,66658784,2009.6711990111248,41.12058660765213,679.0254656969811,27057.190053608665,33152,15473,19958,A,1756833300,2190,-0.6293203910498372,-0.7771459614569712,53.08958465297258,929425.0,1661308.0,98771.0,35628182.0,62061204.0,4597580.0,30s
2025-09-02 17:15:30,1377518,23.959751621936583,33628,60295860,1048.7513262484129,41.38920780233802,480.6123777293469,18246.570325577253,57493,25604,30656,A,1756833330,2220,-0.6691306063588582,-0.7431448254773944,23.959334887118654,1568798.5,-382561.0,1760079.0,63477322.0,-6362924.0,66658784.0,30s
2025-09-02 17:16:00,349073,8.630167128164556,6914,16050532,396.8189280063291,40.38207224804116,595.3966695298969,22222.810452918206,40448,17641,23709,A,1756833360,2250,-0.7071067811865475,-0.7071067811865477,8.629953768943608,863295.5,-1028445.0,1377518.0,38173196.0,-44245328.0,60295860.0,30s
2025-09-02 17:16:30,230575,6.182795698924731,5188,10728096,287.6705011664387,39.93425508856485,652.3174041867767,24106.47205960901,37293,15947,22092,A,1756833390,2280,-0.7431448254773945,-0.6691306063588581,6.182629913659033,289824.0,-118498.0,349073.0,13389314.0,-5322436.0,16050532.0,30s
2025-09-02 17:17:00,242107,6.3096348805087175,11087,11302576,294.56037111360143,39.94185672493391,661.35512586456,24523.36654559341,38371,15810,23011,A,1756833420,2310,-0.7771459614569708,-0.6293203910498377,6.309470447201084,236341.0,11532.0,230575.0,11015336.0,574480.0,10728096.0,30s
2025-09-02 17:17:30,194512,5.5397584871269085,20728,9178692,261.4118250170882,39.914695290338784,685.7962042069506,25392.503675386975,35112,14829,21083,A,1756833450,2340,-0.8090169943749475,-0.5877852522924732,5.53960071768291,218309.5,-47595.0,242107.0,10240634.0,-2123884.0,11302576.0,30s
2025-09-02 17:18:00,165202,4.700583297766396,9118,7604744,216.3819604495661,39.68565309435572,718.807996566329,26551.18321905537,35145,14666,21075,A,1756833480,2370,-0.8386705679454242,-0.544639035015027,4.700449553291982,179857.0,-29310.0,194512.0,8391718.0,-1573948.0,9178692.0,30s
2025-09-02 17:18:30,152738,4.379584229390681,3925,7080452,203.02371326164874,39.85480327792436,711.5733286517215,26328.829070853306,34875,14617,20898,A,1756833510,2400,-0.8660254037844383,-0.5000000000000003,4.379458653515312,158970.0,-12464.0,165202.0,7342598.0,-524292.0,7604744.0,30s
2025-09-02 17:19:00,177867,4.99710625386301,4628,8048068,226.10743383716357,39.649003490223734,715.3676637105114,26320.30297340781,35594,14553,21008,A,1756833540,2430,-0.8910065241883676,-0.4539904997395469,4.996965865992415,165302.5,25129.0,152738.0,7564260.0,967616.0,7080452.0,30s
2025-09-02 17:19:30,112983,3.4675444250069054,4499,5176148,158.86038731854035,39.76226496016148,727.6232358307362,26935.084680975542,32583,13133,19795,A,1756833570,2460,-0.9135454576426004,-0.4067366430758009,3.4674380063835013,145425.0,-64884.0,177867.0,6612108.0,-2871920.0,8048068.0,30s
2025-09-02 17:20:00,93352,2.9299770879758955,3158,4291388,134.6909387652616,40.24812508069155,770.4490175328492,29226.29677474247,31861,12881,19852,A,1756833600,2490,-0.9335804264972015,-0.3583679495453007,2.9298851296214927,103167.5,-19631.0,112983.0,4733768.0,-884760.0,5176148.0,30s
2025-09-02 17:20:30,138859,3.7703711748893536,2902,6477768,175.88769719514514,40.88203225614064,685.9381423458005,25970.953108295274,36829,15279,22404,A,1756833630,2520,-0.9510565162951535,-0.3090169943749476,3.7702688026065707,116105.5,45507.0,93352.0,5384578.0,2186380.0,4291388.0,30s
2025-09-02 17:21:00,45746,1.735695856730915,1099,2021340,76.69373197753832,40.85710700054681,862.0184324484202,34156.599009055244,26356,10943,16544,A,1756833660,2550,-0.9659258262890684,-0.2588190451025207,1.7356300034146526,92302.5,-93113.0,138859.0,4249554.0,-4456428.0,6477768.0,30s
2025-09-02 17:21:30,2986397,48.66374983704863,21663,119656636,1949.8213401121106,41.48580231780632,442.0283869342838,16934.719441371402,61368,27833,31582,A,1756833690,2580,-0.9781476007338057,-0.20791169081775984,48.6629568674738,1516071.5,2940651.0,45746.0,60838988.0,117635296.0,2021340.0,30s
2025-09-02 17:22:00,361450,8.79376201250517,6107,16535584,402.29628007688,40.67221173751806,590.4922008311779,22224.59850457778,41103,18010,24141,A,1756833720,2610,-0.9876883405951375,-0.15643446504023106,8.793548073180226,1673923.5,-2624947.0,2986397.0,68096110.0,-103121052.0,119656636.0,30s
2025-09-02 17:22:30,245169,6.344789213529671,6385,11378400,294.46442897440545,40.20609190858304,628.4666078471591,23517.288368098878,38641,16131,23373,A,1756833750,2640,-0.9945218953682731,-0.10452846326765423,6.344625019408933,303309.5,-116281.0,361450.0,13956992.0,-5157184.0,16535584.0,30s
2025-09-02 17:23:00,239613,6.5020351676978185,19379,11246948,305.1923369152285,40.13080378898223,677.3593181226928,25283.318797830576,36852,15349,22473,A,1756833780,2670,-0.9986295347545738,-0.052335956242944306,6.5018587360594795,242391.0,-5556.0,245169.0,11312674.0,-131452.0,11378400.0,30s
2025-09-02 17:23:30,292065,7.904971986900154,21667,14070164,380.82020191084524,40.00233129713354,709.564545101988,26433.119843575503,36947,15202,22320,A,1756833810,2700,-1.0,-1.8369701987210297e-16,7.904758038324132,265839.0,52452.0,239613.0,12658556.0,2823216.0,11246948.0,30s
2025-09-02 17:24:00,197918,6.015927535791361,31857,9525532,289.5386485911426,39.81271407200257,715.263139474927,26465.368934247956,32899,13980,19637,A,1756833840,2730,-0.9986295347545739,0.052335956242943946,6.015744680851064,244991.5,-94147.0,292065.0,11797848.0,-4544632.0,14070164.0,30s
2025-09-02 17:24:30,136662,4.446317022384175,5835,6286300,204.5256376887038,39.79621089488601,720.3231941675681,26642.719638891434,30736,13095,18777,A,1756833870,2760,-0.9945218953682732,0.10452846326765389,4.446172365552917,167290.0,-61256.0,197918.0,7905916.0,-3239232.0,9525532.0,30s
2025-09-02 17:25:00,132585,4.168290995975855,7215,6202244,194.99006539235413,39.843853452482506,728.456401292202,26988.641692940135,31808,13341,19293,A,1756833900,2790,-0.9876883405951377,0.15643446504023067,4.168159954729793,134623.5,-4077.0,136662.0,6244272.0,-84056.0,6286300.0,30s
2025-09-02 17:25:30,124966,3.838375771723439,2473,5792240,177.91074116165495,39.72876597014455,736.6343485856077,27255.581425751356,32557,13049,20235,A,1756833930,2820,-0.9781476007338058,0.20791169081775945,3.8382578782480494,128775.5,-7619.0,132585.0,5997242.0,-410004.0,6202244.0,30s
2025-09-02 17:26:00,121383,3.840748006581445,2982,5659560,179.07733198329325,39.94011732427851,728.2600284283631,27041.446318236656,31604,12698,19727,A,1756833960,2850,-0.9659258262890685,0.25881904510252035,3.8406264831514,123174.5,-3583.0,124966.0,5725900.0,-132680.0,5792240.0,30s
2025-09-02 17:26:30,94400,2.9872472390114235,3730,4299172,136.04544159994936,39.76223267836954,743.0162655708572,27528.75546836903,31601,12733,19317,A,1756833990,2880,-0.9510565162951538,0.3090169943749473,2.98715271185368,107891.5,-26983.0,121383.0,4979366.0,-1360388.0,5659560.0,30s
2025-09-02 17:27:00,64831,1.937798900047824,1452,2883820,86.19739359158298,40.310898380480396,835.7582762193205,32344.322616228364,33456,13076,20558,A,1756834020,2910,-0.933580426497202,0.3583679495452996,1.937740980960636,79615.5,-29569.0,94400.0,3591496.0,-1415352.0,4299172.0,30s
2025-09-02 17:27:30,2953092,52.80922746781116,21037,118197672,2113.6922746781115,41.505596884828286,455.701753385651,17593.181206694604,55912,25557,29608,A,1756834050,2940,-0.913545457642601,0.40673664307579976,52.81583889256523,1508961.5,2888261.0,64831.0,60540746.0,115313852.0,2883820.0,30s
2025-09-02 17:28:00,384300,8.697128114603842,8691,17445476,394.81014778102156,40.59618468804852,590.43125305803,22161.20200562244,44187,18877,25597,A,1756834080,2970,-0.8910065241883675,0.4539904997395474,8.696931293563864,1668696.0,-2568792.0,2953092.0,67821574.0,-100752196.0,118197672.0,30s
2025-09-02 17:28:30,292888,7.192200967512217,5808,13442964,330.10740858974043,40.30523005623583,623.9277745072684,23334.766253178343,40723,16889,24408,A,1756834110,3000,-0.8660254037844385,0.5,7.192024359100285,338594.0,-91412.0,384300.0,15444220.0,-4002512.0,17445476.0,30s
2025-09-02 17:29:00,214272,5.720021356113187,3591,9733472,259.8364121729845,40.17967840404585,639.1283707316212,23926.72878499311,37460,15938,22163,A,1756834140,3030,-0.8386705679454238,0.5446390350150273,5.7198686634099465,253580.0,-78616.0,292888.0,11588218.0,-3709492.0,13442964.0,30s
2025-09-02 17:29:30,189185,5.144251685882097,8535,8886808,241.646943658908,40.102956575756004,685.4543192528839,25509.425416224487,36776,15353,22296,A,1756834170,3060,-0.8090169943749477,0.5877852522924728,5.144111809011067,201728.5,-25087.0,214272.0,9310140.0,-846664.0,9733472.0,30s
2025-09-02 17:30:00,192704,5.436704753843983,6525,9128352,257.5356749894202,39.91543046772867,711.5072727049013,26417.565644831626,35445,14702,21513,A,1756834200,3090,-0.7771459614569709,0.6293203910498374,5.436551373920894,190944.5,3519.0,189185.0,9007580.0,241544.0,8886808.0,30s
2025-09-02 17:30:30,173262,4.96509628610729,9206,8165300,233.98956900504356,40.00048425094237,715.486073314535,26595.29389124164,34896,14224,21500,A,1756834230,3120,-0.7431448254773947,0.6691306063588578,4.964954007507809,182983.0,-19442.0,192704.0,8646826.0,-963052.0,9128352.0,30s
2025-09-02 17:31:00,164274,4.567480398153812,5812,7621908,211.9198131568704,39.84676653854034,718.9914029349715,26612.917685512624,35966,14568,21811,A,1756834260,3150,-0.7071067811865477,0.7071067811865474,4.567353407290016,168768.0,-8988.0,173262.0,7893604.0,-543392.0,8165300.0,30s
2025-09-02 17:31:30,130020,3.77427501523992,2346,6023160,174.84281111207872,39.96390353554652,728.1219319840699,27074.219781892098,34449,13619,21501,A,1756834290,3180,-0.6691306063588588,0.7431448254773938,3.774165457184325,147147.0,-34254.0,164274.0,6822534.0,-1598748.0,7621908.0,30s
2025-09-02 17:32:00,120317,3.520305459652408,3527,5541788,162.14488852478203,39.97998844053234,726.3958822555155,26973.114648353214,34178,13471,21081,A,1756834320,3210,-0.6293203910498377,0.7771459614569707,3.52020246350098,125168.5,-9703.0,130020.0,5782474.0,-481372.0,6023160.0,30s
2025-09-02 17:32:30,107412,3.1972614972466142,2956,4934804,146.8910254502158,39.813534595724434,739.5995424044737,27381.169606298256,33595,13045,20637,A,1756834350,3240,-0.5877852522924739,0.8090169943749469,3.1971663293249195,113864.5,-12905.0,120317.0,5238296.0,-606984.0,5541788.0,30s
2025-09-02 17:33:00,75062,2.195951085366567,1609,3380484,98.89661225206248,40.5271255853564,804.9620424076564,31106.183049530104,34182,13263,21364,A,1756834380,3270,-0.544639035015027,0.838670567945424,2.1958868443378288,91237.0,-32350.0,107412.0,4157644.0,-1554320.0,4934804.0,30s
2025-09-02 17:33:30,2886133,57.33507489371846,41638,116457904,2313.5186936310542,41.92535498946721,455.2359296304567,17878.959929969635,50320,23882,26888,A,1756834410,3300,-0.4999999999999996,0.8660254037844387,57.35444446652491,1480597.5,2811071.0,75062.0,59919194.0,113077420.0,3380484.0,30s
2025-09-02 17:34:00,465715,11.191036885738315,14184,21606952,519.210669229845,40.80199668104356,574.252162286255,21681.848556087287,41615,18094,24745,A,1756834440,3330,-0.45399049973954697,0.8910065241883676,11.19076797385621,1675924.0,-2420418.0,2886133.0,69032428.0,-94850952.0,116457904.0,30s
2025-09-02 17:34:30,273349,7.165487050435147,11681,12569680,329.4977456223131,40.426550048087485,627.8387413175616,23498.651619879387,38148,16058,23224,A,1756834470,3360,-0.40673664307580015,0.9135454576426008,7.1652992214736955,369532.0,-192366.0,465715.0,17088316.0,-9037272.0,21606952.0,30s
2025-09-02 17:35:00,224918,6.009190734457239,2911,10298164,275.13863581714713,40.15534481829764,636.6936641199597,23856.260908494343,37429,15980,22611,A,1756834500,3390,-0.35836794954530077,0.9335804264972015,6.009030189687416,249133.5,-48431.0,273349.0,11433922.0,-2271516.0,12569680.0,30s
2025-09-02 17:35:30,196713,5.557492372019437,3968,9234992,260.90496101254377,40.14777155029147,693.2130673462515,25837.12856415195,35396,14793,21455,A,1756834530,3420,-0.3090169943749477,0.9510565162951535,5.557335367404018,210815.5,-28205.0,224918.0,9766578.0,-1063172.0,10298164.0,30s
2025-09-02 17:36:00,192144,5.438550806679875,17313,8880984,251.37231814322107,39.894485657590735,707.0836093598049,26151.193678891937,35330,14853,21254,A,1756834560,3450,-0.25881904510252157,0.9659258262890682,5.438396875265347,194428.5,-4569.0,196713.0,9057988.0,-354008.0,9234992.0,30s
2025-09-02 17:36:30,160142,4.727578673909193,9810,7439028,219.60878549920292,40.0802215579854,707.8473773398204,26361.702966753164,33874,13952,20960,A,1756834590,3480,-0.2079116908177599,0.9781476007338057,4.727439114391144,176143.0,-32002.0,192144.0,8160006.0,-1441956.0,8880984.0,30s
2025-09-02 17:37:00,153243,4.533145984321846,5176,7208132,213.226800769117,40.04048729343701,725.2295536870372,27060.824116210722,33805,13649,21179,A,1756834620,3510,-0.156434465040232,0.9876883405951374,4.533011891380228,156692.5,-6899.0,160142.0,7323580.0,-230896.0,7439028.0,30s
2025-09-02 17:37:30,132026,3.985089043163296,4633,6111200,184.46121340175068,39.872393693769695,736.781828008919,27466.272008601893,33130,13234,20627,A,1756834650,3540,-0.10452846326765343,0.9945218953682733,3.9849687603754793,142634.5,-21217.0,153243.0,6659666.0,-1096932.0,7208132.0,30s
2025-09-02 17:38:00,123646,3.905926206722264,4233,5760132,181.96019711902957,39.90515460062866,728.7520370723395,27039.450695925258,31656,12449,19860,A,1756834680,3570,-0.05233595624294348,0.998629534754574,3.905802824019964,127836.0,-8380.0,132026.0,5935666.0,-351068.0,6111200.0,30s
2025-09-02 17:38:30,107255,3.216234856663068,2722,4952416,148.5071368597817,40.024228031982325,736.3901877074261,27507.240447608245,33348,13071,20999,A,1756834710,3600,0.0,1.0,3.2161384149449757,115450.5,-16391.0,123646.0,5356274.0,-807716.0,5760132.0,30s
2025-09-02 17:39:00,77565,2.3665181840371003,1652,3487912,106.41664632658042,40.15537332185083,785.24951019954,29850.28243129659,32776,12700,20411,A,1756834740,3630,0.05233595624294383,0.9986295347545739,2.3664459834640144,92410.0,-29690.0,107255.0,4220164.0,-1464504.0,4952416.0,30s
2025-09-02 17:39:30,2754015,57.50830044477855,34419,109568156,2287.9608260769696,41.918727661185855,500.44935146926883,19904.10816406816,47869,22307,26144,A,1756834770,3660,0.10452846326765347,0.9945218953682733,57.53112596615834,1415790.0,2676450.0,77565.0,56528034.0,106080244.0,3487912.0,30s
2025-09-02 17:40:00,513326,11.526091252020837,27450,23245228,521.94242859709,40.80380643221547,567.8598650111478,21405.583498656604,44536,19057,25983,A,1756834800,3690,0.15643446504023087,0.9876883405951377,11.525832453914722,1633670.5,-2240689.0,2754015.0,66406692.0,-86322928.0,109568156.0,30s
2025-09-02 17:40:30,277143,7.062767584097859,21770,12601368,321.1357798165138,40.40560870248794,613.7187408726901,23136.717806798064,39240,16678,23650,A,1756834830,3720,0.20791169081775934,0.9781476007338057,7.062587599704391,395234.5,-236183.0,513326.0,17923298.0,-10643860.0,23245228.0,30s
2025-09-02 17:41:00,268031,7.223387053306743,23183,12343636,332.6587613862987,40.26394660492757,654.0831407663925,24488.694447584894,37106,15454,22919,A,1756834860,3750,0.2588190451025208,0.9659258262890684,7.2231923895760906,272587.0,-9112.0,277143.0,12472502.0,-257732.0,12601368.0,30s
2025-09-02 17:41:30,190869,5.526827855798465,11746,8946504,259.05614593890255,40.1434559098925,691.2796601281925,25755.534788948025,34535,14765,20994,A,1756834890,3780,0.30901699437494745,0.9510565162951536,5.526667824878388,229450.0,-77162.0,268031.0,10645070.0,-3397132.0,12343636.0,30s
2025-09-02 17:42:00,190173,5.397122261323647,16115,9058020,257.06720399591325,40.052263933893414,713.8356554815763,26626.413146761573,35236,14635,21803,A,1756834920,3810,0.3583679495453003,0.9335804264972016,5.396969094985384,190521.0,-696.0,190869.0,9002262.0,111516.0,8946504.0,30s
2025-09-02 17:42:30,162272,3.592154779297826,7079,7493572,165.88241023597644,40.06241694163356,783.7343697449527,29917.26873366186,45174,13830,32253,A,1756834950,3840,0.4067366430758002,0.9135454576426008,3.5920752628666297,176222.5,-27901.0,190173.0,8275796.0,-1564448.0,9058020.0,30s
2025-09-02 17:43:00,155585,4.090144325560609,3668,7240604,190.3468545440206,40.69608696746582,745.8781960762336,28676.29084468835,38039,14028,24754,A,1756834980,3870,0.45399049973954675,0.8910065241883677,4.090036803364879,158928.5,-6687.0,162272.0,7367088.0,-252968.0,7493572.0,30s
2025-09-02 17:43:30,137237,2.938505021090722,4322,6279812,134.462711174871,39.91882862118387,811.9272403090927,31009.458161584935,46703,14103,33426,A,1756835010,3900,0.4999999999999999,0.8660254037844386,2.938442103460089,146411.0,-18348.0,155585.0,6760208.0,-960792.0,7240604.0,30s
2025-09-02 17:44:00,126983,2.6156175331630553,5808,5760624,118.65831754140233,40.275320591462325,838.2705430565269,32611.736498633956,48548,11984,37641,A,1756835040,3930,0.544639035015027,0.8386705679454242,2.6155636573358874,132110.0,-10254.0,137237.0,6020218.0,-519188.0,6279812.0,30s
2025-09-02 17:44:30,130087,2.564301202444313,3261,5907404,116.44794007490637,40.47522787282517,836.0301978616773,32688.198838737935,50730,12012,39164,A,1756835070,3960,0.587785252292473,0.8090169943749476,2.564250655417792,128535.0,3104.0,126983.0,5834014.0,146780.0,5760624.0,30s
2025-09-02 17:45:00,86746,2.444720006763802,1978,3950044,111.32215427105938,40.53903210222886,776.0691878335124,29852.723384474673,35483,13022,23073,A,1756835100,3990,0.6293203910498374,0.7771459614569711,2.4446511103595987,108416.5,-43341.0,130087.0,4928724.0,-1957360.0,5907404.0,30s
2025-09-02 17:45:30,2509219,56.62617349702112,20602,98565192,2224.3453692002167,41.95374517742976,569.8372815288373,23009.047760140867,44274,20071,25633,A,1756835130,4020,0.6691306063588582,0.7431448254773944,56.673495200451725,1297982.5,2422473.0,86746.0,51257618.0,94615148.0,3950044.0,30s
2025-09-02 17:46:00,700966,13.224027015299866,14506,31383564,592.0645197804064,41.44269711332348,558.3051283579305,21612.184072503904,53007,21743,31205,A,1756835160,4050,0.7071067811865476,0.7071067811865477,13.223777543012375,1605092.5,-1808253.0,2509219.0,64974378.0,-67181628.0,98565192.0,30s
2025-09-02 17:46:30,339549,7.909732575475214,8844,15697348,365.66688408497953,40.841527889464714,629.2126973840793,24268.026493116515,42928,17085,26449,A,1756835190,4080,0.7431448254773942,0.6691306063588582,7.909548323976799,520257.5,-361417.0,700966.0,23540456.0,-15686216.0,31383564.0,30s
2025-09-02 17:47:00,220639,5.82406820821455,9170,10267868,271.03442086368915,40.70449298165018,665.6079811668862,25626.979599174454,37884,14958,24104,A,1756835220,4110,0.777145961456971,0.6293203910498374,5.823914478025603,280094.0,-118910.0,339549.0,12982608.0,-5429480.0,15697348.0,30s
2025-09-02 17:47:30,202931,5.334954519165046,5300,9249424,243.16273200483727,40.52128885088074,707.6749690965454,27122.557341442178,38038,14712,24320,A,1756835250,4140,0.8090169943749475,0.5877852522924731,5.334814269565446,211785.0,-17708.0,220639.0,9758646.0,-1018444.0,10267868.0,30s
2025-09-02 17:48:00,201284,5.211775976800187,8912,9484592,245.5812122938298,40.4951337247341,730.2794292275162,27870.159312261985,38621,14598,24605,A,1756835280,4170,0.838670567945424,0.544639035015027,5.211641033607789,202107.5,-1647.0,202931.0,9367008.0,235168.0,9249424.0,30s
2025-09-02 17:48:30,180974,4.675968271193447,6810,8340104,215.48985866728677,40.51502324484335,733.6128701640988,28004.4360711034,38703,14770,24571,A,1756835310,4200,0.8660254037844385,0.5000000000000001,4.6758474576271185,191129.0,-20310.0,201284.0,8912348.0,-1144488.0,9484592.0,30s
2025-09-02 17:49:00,132538,3.6005976636783483,2061,6099208,165.6943221950557,40.41686649583967,745.0328045160115,28445.070763335938,36810,14062,23493,A,1756835340,4230,0.8910065241883677,0.4539904997395468,3.6004998505881396,156756.0,-48436.0,180974.0,7219656.0,-2240896.0,8340104.0,30s
2025-09-02 17:49:30,167011,4.355028814310673,4926,7608764,198.40840699887872,40.505148568366955,756.5290006514866,28983.352638963584,38349,14027,24637,A,1756835370,4260,0.9135454576426008,0.4067366430758004,4.354915254237288,149774.5,34473.0,132538.0,6853986.0,1509556.0,6099208.0,30s
2025-09-02 17:50:00,132190,3.52967878027289,5231,6152100,164.27064697871887,40.592352249861186,764.7235789533527,29412.983333625354,37451,12888,24133,A,1756835400,4290,0.9335804264972017,0.3583679495453002,3.5295845348713017,149600.5,-34821.0,167011.0,6880432.0,-1456664.0,7608764.0,30s
2025-09-02 17:50:30,116421,3.513429502655722,5596,5418492,163.5228150651859,40.03561394420674,744.6924222509635,27884.770594160625,33136,12646,20863,A,1756835430,4320,0.9510565162951536,0.3090169943749475,3.5133234752693365,124305.5,-15769.0,132190.0,5785296.0,-733608.0,6152100.0,30s
2025-09-02 17:51:00,82611,2.4926377406312232,1481,3691540,111.38555307464848,39.97631027904774,755.5153590037493,28270.26750823873,33142,13099,20412,A,1756835460,4350,0.9659258262890684,0.2588190451025208,2.4925625320580513,99516.0,-33810.0,116421.0,4555016.0,-1726952.0,5418492.0,30s
2025-09-02 17:51:30,2170901,57.81052939923306,23728,84784100,2257.7785470813806,41.29498022102844,640.9489370398538,25574.31507702393,37534,17068,22369,A,1756835490,4380,0.9781476007338058,0.20791169081775948,57.83671240175836,1126756.0,2088290.0,82611.0,44237820.0,81092560.0,3691540.0,30s
2025-09-02 17:52:00,1018732,19.925908539686265,15253,44589332,872.1459140163518,41.355090519334944,489.94438456691324,18536.27609407237,51126,23128,28206,A,1756835520,4410,0.9876883405951375,0.15643446504023115,19.925518806110276,1594816.5,-1152169.0,2170901.0,64686716.0,-40194768.0,84784100.0,30s
2025-09-02 17:52:30,350575,8.602012023064654,9605,16391948,402.2070420807263,40.57977671213033,605.6106355637622,22814.477001824787,40755,16978,24689,A,1756835550,4440,0.9945218953682733,0.10452846326765346,8.601800961821572,684653.5,-668157.0,1018732.0,30490640.0,-28197384.0,44589332.0,30s
2025-09-02 17:53:00,255840,6.704051150358996,11936,11864144,310.8889471201719,40.11506449708822,632.4869476100982,23605.54115074525,38162,16243,22701,A,1756835580,4470,0.9986295347545739,0.052335956242943966,6.703875481487304,303207.5,-94735.0,350575.0,14128046.0,-4527804.0,16391948.0,30s
2025-09-02 17:53:30,205104,5.670712488595206,5706,9568556,264.55130083773395,40.10573172569549,656.3002022602673,24454.10419266457,36169,15188,21804,A,1756835610,4500,1.0,6.123233995736766e-17,5.67055570915123,230472.0,-50736.0,255840.0,10716350.0,-2295588.0,11864144.0,30s
2025-09-02 17:54:00,171324,4.716551040634291,9536,7953260,218.95330910692655,40.018664170591194,697.0625325489225,25869.52205477351,36324,14954,21830,A,1756835640,4530,0.998629534754574,-0.05233595624294362,4.716421197522368,188214.0,-33780.0,205104.0,8760908.0,-1615296.0,9568556.0,30s
2025-09-02 17:54:30,181808,5.32255986884478,12965,8607608,251.99391065050648,39.96451663967999,708.6132230498479,26284.18235969535,34158,14323,20548,A,1756835670,4560,0.9945218953682733,-0.10452846326765335,5.322404051640856,176566.0,10484.0,171324.0,8280434.0,654348.0,7953260.0,30s
2025-09-02 17:55:00,164217,4.678413720406826,6936,7681852,218.84994729494886,39.76645263896594,718.2198499149616,26453.245866920133,35101,14430,21159,A,1756835700,4590,0.9876883405951377,-0.1564344650402308,4.678280439860977,173012.5,-17591.0,181808.0,8144730.0,-925756.0,8607608.0,30s
2025-09-02 17:55:30,132520,3.9158442172448438,9154,6082368,179.72838484723124,39.73273309770664,726.2741704187451,26769.409446676007,33842,13989,20412,A,1756835730,4620,0.9781476007338058,-0.20791169081775937,3.915728511065804,148368.5,-31697.0,164217.0,6882110.0,-1599484.0,7681852.0,30s
2025-09-02 17:56:00,128542,4.014177752794954,5906,6043880,188.74149022547,40.07521217980382,723.1360183102705,26948.74859736102,32022,12927,19863,A,1756835760,4650,0.9659258262890685,-0.2588190451025207,4.014052399837617,130531.0,-3978.0,132520.0,6063124.0,-38488.0,6082368.0,30s
2025-09-02 17:56:30,118067,3.650803957946815,3640,5511820,170.4335188620903,39.994142786801675,729.5055773093163,27091.732934466967,32340,12971,20218,A,1756835790,4680,0.9510565162951538,-0.3090169943749474,3.6506910732506723,123304.5,-10475.0,128542.0,5777850.0,-532060.0,6043880.0,30s
2025-09-02 17:57:00,87523,2.9572577375320988,2042,4012148,135.56385998107854,40.077056138455525,739.9889014530186,27621.490883770457,29596,11977,18486,A,1756835820,4710,0.9335804264972017,-0.3583679495453003,2.9571578200493294,102795.0,-30544.0,118067.0,4761984.0,-1499672.0,5511820.0,30s
2025-09-02 17:57:30,48971,1.8784426543920214,2799,2189916,84.00138089758343,40.63388209124255,871.4646812320077,34368.61538263416,26070,10606,16844,A,1756835850,4740,0.9135454576426009,-0.4067366430758003,1.878370603352384,68247.0,-38552.0,87523.0,3101032.0,-1822232.0,4012148.0,30s
2025-09-02 17:58:00,3012046,49.33655468378896,43537,122568956,2007.648621644199,41.51646836150337,431.16690046522376,16473.2656374305,61051,27950,31264,A,1756835880,4770,0.8910065241883678,-0.4539904997395467,49.33574657668873,1530508.5,2963075.0,48971.0,62379436.0,120379040.0,2189916.0,30s
2025-09-02 17:58:30,414525,9.874815379484492,12137,19300500,459.7765496212302,40.47616724006209,579.0938650309402,21647.1877261215,41978,18200,23854,A,1756835910,4800,0.8660254037844387,-0.4999999999999997,9.874580147216465,1713285.5,-2597521.0,3012046.0,70934728.0,-103268456.0,122568956.0,30s
2025-09-02 17:59:00,257640,7.092440676099764,13394,11858988,326.4600561581237,40.314210100752135,627.8651367293147,23426.975843886652,36326,15329,21869,A,1756835940,4830,0.8386705679454243,-0.5446390350150266,7.0922454372780575,336082.5,-156885.0,414525.0,15579744.0,-7441512.0,19300500.0,30s
2025-09-02 17:59:30,208902,5.884563380281691,10192,9680220,272.68225352112677,39.95678389370291,656.5729582325836,24350.564340229263,35500,14979,21238,A,1756835970,4860,0.8090169943749476,-0.5877852522924729,5.88439762260218,233271.0,-48738.0,257640.0,10769604.0,-2178768.0,11858988.0,30s
2025-09-02 18:00:00,207064,5.734415242737268,9640,9851796,272.8349165028109,39.93797775283263,699.4118634178116,25892.08283182027,36109,15410,21621,A,1756836000,4890,0.7771459614569711,-0.6293203910498372,5.734256438659651,207983.0,-1838.0,208902.0,9766008.0,171576.0,9680220.0,30s
2025-09-02 18:00:30,179230,5.505452311472892,23462,8447332,259.47878974043925,39.954330984883356,698.0060872221319,25825.549562039872,32555,14068,19783,A,1756836030,4920,0.7431448254773946,-0.6691306063588579,5.505283204324856,193147.0,-27834.0,207064.0,9149564.0,-1404464.0,9851796.0,30s
2025-09-02 18:01:00,142986,4.339352371703439,6076,6646744,201.7160025492398,40.06307699409107,704.3436507758616,26190.197699173295,32951,13873,20181,A,1756836060,4950,0.7071067811865477,-0.7071067811865475,4.339220684632192,161108.0,-36244.0,179230.0,7547038.0,-1800588.0,8447332.0,30s
2025-09-02 18:01:30,153668,4.437167937167938,4660,7181628,207.36971586971586,39.69553481243601,726.7093161502921,26799.19647907954,34632,14377,20626,A,1756836090,4980,0.669130606358858,-0.7431448254773945,4.437039817515087,148327.0,10682.0,142986.0,6914186.0,534884.0,6646744.0,30s
2025-09-02 18:02:00,147859,4.568625633419849,6478,6886364,212.77851934247929,39.91059179679065,719.6047912245588,26695.731554593935,32364,13195,20021,A,1756836120,5010,0.6293203910498374,-0.777145961456971,4.568484473968794,150763.5,-5809.0,153668.0,7033996.0,-295264.0,7181628.0,30s
2025-09-02 18:02:30,118265,3.6665633235157338,2863,5439168,168.6302278716478,39.803158578867155,724.9157020658399,26765.05874570258,32255,12833,19919,A,1756836150,5040,0.5877852522924731,-0.8090169943749475,3.6664496527777777,133062.0,-29594.0,147859.0,6162766.0,-1447196.0,6886364.0,30s
2025-09-02 18:03:00,89785,2.899189512092738,3411,4104524,132.53653653653654,39.85531035735766,743.5463696154197,27661.452904987917,30969,12267,19382,A,1756836180,5070,0.5446390350150272,-0.8386705679454239,2.899095899257346,104025.0,-28480.0,118265.0,4771846.0,-1334644.0,5439168.0,30s
2025-09-02 18:03:30,65728,2.1243010891697103,4624,2961748,95.722439481594,40.59371909977933,838.6193544136786,32789.5230670577,30941,12473,19527,A,1756836210,5100,0.4999999999999999,-0.8660254037844386,2.124232434878159,77756.5,-24057.0,89785.0,3533136.0,-1142776.0,4104524.0,30s
2025-09-02 18:04:00,2790674,51.66862305826591,30496,115957132,2146.9169613597232,41.83658939130495,437.5405725648677,16800.26190589486,54004,25158,28190,A,1756836240,5130,0.45399049973954686,-0.8910065241883677,51.67436348486251,1428201.0,2724946.0,65728.0,59459440.0,112995384.0,2961748.0,30s
2025-09-02 18:04:30,428153,10.005211132661884,6525,19908188,465.2206669315075,40.733752105343434,576.4853918534005,21540.675431072013,42793,18773,24157,A,1756836270,5160,0.40673664307580043,-0.9135454576426006,10.00497733327102,1609413.5,-2362521.0,2790674.0,67932660.0,-96048944.0,115957132.0,30s
2025-09-02 18:05:00,312740,7.751642086999628,23043,13983848,346.60671706531167,40.27199549066544,607.3852456243002,22651.829395321656,40345,17280,23616,A,1756836300,5190,0.35836794954530066,-0.9335804264972016,7.751449957864472,370446.5,-115413.0,428153.0,16946018.0,-5924340.0,19908188.0,30s
2025-09-02 18:05:30,236600,6.196474871015897,3885,11007824,288.29122908100464,39.97771771650631,641.1754832957946,23699.55482626741,38183,16341,21927,A,1756836330,5220,0.309016994374948,-0.9510565162951535,6.196312591661429,274670.0,-76140.0,312740.0,12495836.0,-2976024.0,13983848.0,30s
2025-09-02 18:06:00,200618,5.757440091835271,11499,9503324,272.73135313531355,40.10422996053909,676.4941577888289,25044.95483496863,34845,15115,20497,A,1756836360,5250,0.25881904510252063,-0.9659258262890685,5.7572748665557025,218609.0,-35982.0,236600.0,10255574.0,-1504500.0,11007824.0,30s
2025-09-02 18:06:30,204860,6.03363473036256,4710,9659036,284.48254940653254,39.96806312083392,703.2983930395926,26022.9379134451,33953,14415,19806,A,1756836390,5280,0.20791169081775931,-0.9781476007338057,6.033457030099546,202739.0,4242.0,200618.0,9581180.0,155712.0,9503324.0,30s
2025-09-02 18:07:00,179380,5.2564027427767686,6151,8389908,245.85090546797164,40.04255282630113,704.3503864359859,26080.537865054925,34126,14417,20223,A,1756836420,5310,0.15643446504023098,-0.9876883405951377,5.256248718023852,192120.0,-25480.0,204860.0,9024472.0,-1269128.0,9659036.0,30s
2025-09-02 18:07:30,160457,4.53652813118462,4595,7407980,209.44246536612948,39.56409588906971,714.7424753274747,26055.133444800755,35370,15157,20238,A,1756836450,5340,0.10452846326765375,-0.9945218953682732,4.5363998756043085,169918.5,-18923.0,179380.0,7898944.0,-981928.0,8389908.0,30s
2025-09-02 18:08:00,148887,4.601526764742243,4363,6816680,210.67746322165905,39.85207326916444,715.8561179538272,26352.360394682848,32356,13641,19182,A,1756836480,5370,0.05233595624294381,-0.9986295347545739,4.601384553574188,154672.0,-11570.0,160457.0,7112330.0,-591300.0,7407980.0,30s
2025-09-02 18:08:30,134690,4.024200776815058,4377,6289584,187.9170600537795,39.8824706523026,723.5938273698748,26723.771568852135,33470,13534,20161,A,1756836510,5400,1.2246467991473532e-16,-1.0,4.024080547339488,141788.5,-14197.0,148887.0,6553132.0,-527096.0,6816680.0,30s
2025-09-02 18:09:00,108699,3.4903188517483863,5815,5032796,161.60279998715603,39.80010327335456,723.9892216013492,26631.01282623982,31143,12841,18469,A,1756836540,5430,-0.05233595624294356,-0.998629534754574,3.4902067814025175,121694.5,-25991.0,134690.0,5661190.0,-1256788.0,6289584.0,30s
2025-09-02 18:09:30,84217,2.645587911915308,2344,3876556,121.77790343354381,40.22981978300564,773.3318699424868,29301.128694249437,31833,12812,19346,A,1756836570,5460,-0.10452846326765305,-0.9945218953682732,2.6455048061820694,96458.0,-24482.0,108699.0,4454676.0,-1156240.0,5032796.0,30s
2025-09-02 18:10:00,2545492,36.198691695108074,35197,106778824,1518.4701934015927,42.00324785903153,378.7265082684966,15103.337277474446,70320,40886,37955,BOTH,1756836600,5490,-0.15643446504023076,-0.9876883405951377,36.19817693149984,1314854.5,2461275.0,84217.0,55327690.0,102902268.0,3876556.0,30s
2025-09-02 18:10:30,718487,10.475251133563692,4470,32001076,466.5628016154194,42.130138568760664,374.3350675402653,14243.506224855539,68589,42263,32219,B,1756836630,5520,-0.2079116908177591,-0.9781476007338058,10.475098410847062,1631989.5,-1827005.0,2545492.0,69389950.0,-74777748.0,106778824.0,30s
2025-09-02 18:11:00,277706,5.910524635521975,2904,12374676,263.375034585506,41.092555347560214,452.3775397693567,16633.388530869757,46985,29286,24493,B,1756836660,5550,-0.25881904510252085,-0.9659258262890684,5.910398842208317,498096.5,-440781.0,718487.0,22187876.0,-19626400.0,32001076.0,30s
2025-09-02 18:11:30,216637,4.9762714200395095,1088,9726936,223.4330867827445,41.05781479511381,490.75755224312286,18135.964142633893,43534,27319,23273,B,1756836690,5580,-0.30901699437494734,-0.9510565162951538,4.976157114964971,247171.5,-61069.0,277706.0,11050806.0,-2647740.0,12374676.0,30s
2025-09-02 18:12:00,169490,4.196647436056157,4176,7638144,189.1238269740263,40.97772863373969,533.4502467414942,19836.00245267584,40387,25296,21817,B,1756836720,5610,-0.3583679495453005,-0.9335804264972016,4.196543527780529,193063.5,-47147.0,216637.0,8682540.0,-2088792.0,9726936.0,30s
2025-09-02 18:12:30,139148,3.332487127290145,2102,6202664,148.54901209435997,40.91203000111508,591.4787094325479,22212.000062741692,41755,26061,22168,B,1756836750,5640,-0.40673664307580026,-0.9135454576426008,3.3324073187086887,154319.0,-30342.0,169490.0,6920404.0,-1435480.0,7638144.0,30s
2025-09-02 18:13:00,152426,3.679743137870265,2468,6965636,168.15865581923086,41.754149475439824,680.7605468309672,27080.75370712591,41423,26042,21476,B,1756836780,5670,-0.45399049973954664,-0.8910065241883678,3.679654306682117,145787.0,13278.0,139148.0,6584150.0,762972.0,6202664.0,30s
2025-09-02 18:13:30,242594,4.620310059802689,4262,11107588,211.54892774159143,42.07972748270408,505.1643084032536,19176.429206976172,52506,32608,25322,B,1756836810,5700,-0.4999999999999997,-0.8660254037844387,4.620222065629345,197510.0,90168.0,152426.0,9036612.0,4141952.0,6965636.0,30s
2025-09-02 18:14:00,139913,3.5535265283315978,1704,6296544,159.92035150991796,41.23280436767267,563.7384923700328,21029.70539864532,39373,24931,20893,B,1756836840,5730,-0.5446390350150266,-0.8386705679454243,3.5534362777467363,191253.5,-102681.0,242594.0,8702066.0,-4811044.0,11107588.0,30s
2025-09-02 18:14:30,112074,3.0690911082509515,1956,5017992,137.41523126215188,40.905566319459766,592.3364906975394,21943.991131055558,36517,22853,19473,B,1756836870,5760,-0.5877852522924729,-0.8090169943749477,3.069007065009037,125993.5,-27839.0,139913.0,5657268.0,-1278552.0,6296544.0,30s
2025-09-02 18:15:00,102132,2.7372427101200687,1166,4585588,122.89847770154374,40.835645606476824,624.6267271171656,23347.136397481452,37312,22584,20410,B,1756836900,5790,-0.6293203910498372,-0.7771459614569712,2.7371693511644737,107103.0,-9942.0,112074.0,4801790.0,-432404.0,5017992.0,30s
2025-09-02 18:15:30,88207,2.478281636322769,1106,3847212,108.09204315576534,40.707118906404354,619.1265220760499,22901.397692616953,35592,21806,18976,B,1756836930,5820,-0.6691306063588582,-0.7431448254773944,2.478212007979097,95169.5,-13925.0,102132.0,4216400.0,-738376.0,4585588.0,30s
2025-09-02 18:16:00,68346,1.995154133582438,2030,3008608,87.82718355908455,40.98198683153327,695.6531340253011,26632.5645912093,34256,21231,18494,B,1756836960,5850,-0.7071067811865475,-0.7071067811865477,1.9950958928102285,78276.5,-19861.0,88207.0,3427910.0,-838604.0,3847212.0,30s
2025-09-02 18:16:30,39675,1.3090171236266455,432,1687428,55.67415619123033,42.025414096681104,912.1046612901849,37963.7160148741,30309,18958,16823,B,1756836990,5880,-0.7431448254773945,-0.6691306063588581,1.3089739359947212,54010.5,-28671.0,68346.0,2348018.0,-1321180.0,3008608.0,30s
2025-09-02 18:17:00,2869758,32.728411112631726,35294,121072548,1380.7826741480771,42.20082140295372,297.7765080688979,11581.73060391272,87684,50885,41119,B,1756837020,5910,-0.7771459614569708,-0.6293203910498377,32.72803786280436,1454716.5,2830083.0,39675.0,61379988.0,119385120.0,1687428.0,30s
2025-09-02 18:17:30,491059,8.228889819857562,2780,21827296,365.76951822371177,41.652357691011794,401.3410899378101,15025.574841353111,59675,37080,29207,B,1756837050,5940,-0.8090169943749475,-0.5877852522924732,8.22875192707286,1680408.5,-2378699.0,2869758.0,71449922.0,-99245252.0,121072548.0,30s
2025-09-02 18:18:00,258656,5.629320100983721,2148,11675376,254.0997649516845,41.150061490163125,472.28664439030956,17386.71819376658,45948,28705,23829,B,1756837080,5970,-0.8386705679454242,-0.544639035015027,5.629197588630873,374857.5,-232403.0,491059.0,16751336.0,-10151920.0,21827296.0,30s
2025-09-02 18:18:30,204398,4.661618810865053,3377,9184500,209.4670102857664,40.81110417069652,516.7619844009433,19065.356208637193,43847,27240,23285,B,1756837110,6000,-0.8660254037844383,-0.5000000000000003,4.661512497719395,231527.0,-54258.0,258656.0,10429938.0,-2490876.0,11675376.0,30s
2025-09-02 18:19:00,173367,4.149421986070223,19088,7641872,182.90304205260765,40.81866095464349,561.2800735383936,20817.0676521124,41781,25902,22690,B,1756837140,6030,-0.8910065241883676,-0.4539904997395469,4.149322674836053,188882.5,-31031.0,204398.0,8413186.0,-1542628.0,9184500.0,30s
2025-09-02 18:19:30,132231,3.3238066510821205,5526,5883572,147.89161199507328,41.13126202115589,626.0613168491891,23933.966666853095,39783,25187,20712,B,1756837170,6060,-0.9135454576426004,-0.4067366430758009,3.323723104765735,152799.0,-41136.0,173367.0,6762722.0,-1758300.0,7641872.0,30s
2025-09-02 18:20:00,218084,4.399427084384015,1366,9964684,201.01841802666883,42.11480123320831,596.3840858836884,23508.07351406474,49571,30743,24902,B,1756837200,6090,-0.9335804264972015,-0.3583679495453007,4.399338336157508,175157.5,85853.0,132231.0,7924128.0,4081112.0,5883572.0,30s
2025-09-02 18:20:30,170744,3.7498133263056177,1095,7714176,169.41573329819477,41.27651110617749,543.9101661324879,20187.718149966033,45534,29517,22800,B,1756837230,6120,-0.9510565162951535,-0.3090169943749476,3.749730976172175,194414.0,-47340.0,218084.0,8839430.0,-2250508.0,9964684.0,30s
2025-09-02 18:21:00,117105,3.176159479251424,1102,5231340,141.8860862489829,40.87778855380528,568.390342747163,20751.00868520978,36870,23272,19485,B,1756837260,6150,-0.9659258262890684,-0.2588190451025207,3.1760733367687344,143924.5,-53639.0,170744.0,6472758.0,-2482836.0,7714176.0,30s
2025-09-02 18:21:30,108405,2.887258296489639,1673,4841084,128.93741011026475,40.84379545334189,592.9601616843437,21898.570056036046,37546,23455,19768,B,1756837290,6180,-0.9781476007338057,-0.20791169081775984,2.887181399312861,112755.0,-8700.0,117105.0,5036212.0,-390256.0,5231340.0,30s
2025-09-02 18:22:00,96982,2.7169631601064577,1777,4264304,119.46502311248074,40.701160973577124,621.1760999042117,23085.363889982662,35695,22285,19622,B,1756837320,6210,-0.9876883405951375,-0.15643446504023106,2.716887046167638,102693.5,-11423.0,108405.0,4552694.0,-576780.0,4841084.0,30s
2025-09-02 18:22:30,75428,2.2434120516328595,327,3307356,98.36880613883767,40.60035743797541,634.7766974464874,23530.779256337777,33622,21282,17953,B,1756837350,6240,-0.9945218953682731,-0.10452846326765423,2.243345329090206,86205.0,-21554.0,96982.0,3785830.0,-956948.0,4264304.0,30s
2025-09-02 18:23:00,59617,1.7369402441511523,814,2573196,74.97002010313784,41.37986995192669,737.5395748172273,28960.868268288003,34323,20795,18542,B,1756837380,6270,-0.9986295347545738,-0.052335956242944306,1.7368896399021092,67522.5,-15811.0,75428.0,2940276.0,-734160.0,3307356.0,30s
2025-09-02 18:23:30,1610409,41.77780372013386,35326,65401228,1696.6619451578592,41.558122617943376,591.942084163374,24635.148196640534,38526,24403,22269,B,1756837410,6300,-1.0,-1.8369701987210297e-16,41.7994912658655,835013.0,1550792.0,59617.0,33987212.0,62828032.0,2573196.0,30s
2025-09-02 18:24:00,1549557,17.26352789135351,10669,68641164,764.7273699573302,42.233928016572506,351.92063424959963,13450.877764934168,89759,51693,40014,B,1756837440,6330,-0.9986295347545739,0.052335956242943946,17.263335561497325,1579983.0,-60852.0,1610409.0,67021196.0,3239936.0,65401228.0,30s
2025-09-02 18:24:30,372312,7.013110307414105,4389,16565264,312.03405666063895,40.97488612845268,458.3562565714247,16911.990302003975,53088,32598,26168,B,1756837470,6360,-0.9945218953682732,0.10452846326765389,7.012978206408107,960934.5,-1177245.0,1549557.0,42603214.0,-52075900.0,68641164.0,30s
2025-09-02 18:25:00,241591,5.287612168964762,4067,10862156,237.73595972860582,40.59596676882903,504.84418634045295,18379.01835586839,45690,27525,23321,B,1756837500,6390,-0.9876883405951377,0.15643446504023067,5.287496443500908,306951.5,-130721.0,372312.0,13713710.0,-5703108.0,16565264.0,30s
2025-09-02 18:25:30,191748,4.616317981558611,2636,8592908,206.87358258901702,40.49417981889774,521.8654653680493,18873.690350785164,41537,25106,21228,B,1756837530,6420,-0.9781476007338058,0.20791169081775945,4.616206846742742,216669.5,-49843.0,241591.0,9727532.0,-2269248.0,10862156.0,30s
2025-09-02 18:26:00,167205,3.9868618708123704,2271,7458656,177.84534681322873,40.24379642706818,563.7232309880137,20367.95145163805,41939,25068,21990,B,1756837560,6450,-0.9659258262890685,0.25881904510252035,3.986766809728183,179476.5,-24543.0,191748.0,8025782.0,-1134252.0,8592908.0,30s
2025-09-02 18:26:30,157614,3.812350337421087,2742,7065140,170.89084004547323,40.26962463212178,566.6149655312323,20449.81208683151,41343,24859,20838,B,1756837590,6480,-0.9510565162951538,0.3090169943749473,3.8122581269349847,162409.5,-9591.0,167205.0,7261898.0,-393516.0,7458656.0,30s
2025-09-02 18:27:00,138780,3.6090812160299586,3006,6188148,160.92757392141056,40.171545993548186,575.574298155811,20642.318915719083,38453,23416,19691,B,1756837620,6510,-0.933580426497202,0.3583679495452996,3.6089873615228583,148197.0,-18834.0,157614.0,6626644.0,-876992.0,7065140.0,30s
2025-09-02 18:27:30,133451,3.419190366384832,1938,6021196,154.27097104791187,40.35830301701952,574.5964821164622,20598.166748916698,39030,23423,19724,B,1756837650,6540,-0.913545457642601,0.40673664307579976,3.419102764469268,136115.5,-5329.0,138780.0,6104672.0,-166952.0,6188148.0,30s
2025-09-02 18:28:00,117675,3.1709781729991917,1366,5226148,140.82856372945298,40.29215702189732,595.8250068561331,21514.537459738556,37110,22171,19610,B,1756837680,6570,-0.8910065241883675,0.4539904997395474,3.1708927272237344,125563.0,-15776.0,133451.0,5623672.0,-795048.0,6021196.0,30s
2025-09-02 18:28:30,108271,2.8754946485007835,2789,4817204,127.93679122513478,40.25316987769169,619.461613823212,22587.835058157896,37653,22663,19237,B,1756837710,6600,-0.8660254037844385,0.5,2.8754182822542096,112973.0,-9404.0,117675.0,5021676.0,-408944.0,5226148.0,30s
2025-09-02 18:29:00,93377,2.5612913843706284,814,4110804,112.75760484954878,40.06999177862659,636.2617279232916,23156.671633546313,36457,21909,18891,B,1756837740,6630,-0.8386705679454238,0.5446390350150273,2.561221131164628,100824.0,-14894.0,108271.0,4464004.0,-706400.0,4817204.0,30s
2025-09-02 18:29:30,73610,2.129118097937697,1561,3165536,91.56092904867961,40.24958701993585,665.5989144491618,24564.982378782097,34573,20742,18091,B,1756837770,6660,-0.8090169943749477,0.5877852522924728,2.1290565164574535,83493.5,-19767.0,93377.0,3638170.0,-945268.0,4110804.0,30s
2025-09-02 18:30:00,52638,1.5074746549057791,547,2222932,63.661492639899194,41.25389599397046,808.7444908759077,32204.53879892619,34918,20831,18256,B,1756837800,6690,-0.7771459614569709,0.6293203910498374,1.5074314842922192,63124.0,-20972.0,73610.0,2694234.0,-942604.0,3165536.0,30s
2025-09-02 18:30:30,2374807,39.90735699401761,37311,99430812,1670.881427707199,41.802280941888824,412.3222530252845,16733.52326151255,59490,35978,32240,B,1756837830,6720,-0.7431448254773947,0.6691306063588578,39.918760820964515,1213722.5,2322169.0,52638.0,50826872.0,97207880.0,2222932.0,30s
2025-09-02 18:31:00,907663,12.236118038798043,4376,40580452,547.0611898246134,42.29173115080684,381.75182336878174,14687.216929811062,74179,45617,34596,B,1756837860,6750,-0.7071067811865477,0.7071067811865474,12.235953087085468,1641235.0,-1467144.0,2374807.0,70005632.0,-58850360.0,99430812.0,30s
2025-09-02 18:31:30,318476,6.42231139970558,3447,14283180,288.03121660045576,41.17872271425678,465.7340142736439,17272.16435229368,49589,31091,25090,B,1756837890,6780,-0.6691306063588588,0.7431448254773938,6.422181891510385,613069.5,-589187.0,907663.0,27431816.0,-26297272.0,40580452.0,30s
2025-09-02 18:32:00,234215,5.36624203821656,3464,10630852,243.5699033130184,41.06374917743382,492.2038622938144,18151.691182725957,43646,27396,22710,B,1756837920,6810,-0.6293203910498377,0.7771459614569707,5.366119091804706,276345.5,-84261.0,318476.0,12457016.0,-3652328.0,14283180.0,30s
2025-09-02 18:32:30,188578,4.518245202098857,1458,8532436,204.433380453794,40.768930455820886,525.3902297757127,19273.470259726804,41737,26401,22003,B,1756837950,6840,-0.5877852522924739,0.8090169943749469,4.5181369495423835,211396.5,-45637.0,234215.0,9581644.0,-2098416.0,10630852.0,30s
2025-09-02 18:33:00,161401,3.9792164887453465,1303,7324268,180.57414758018786,40.78778023959308,561.8135149827275,20777.688173300266,40561,25762,21464,B,1756837980,6870,-0.544639035015027,0.838670567945424,3.979118386667324,174989.5,-27177.0,188578.0,7928352.0,-1208168.0,8532436.0,30s
2025-09-02 18:33:30,157079,3.9926541609475876,2901,7186144,182.6583295206141,40.4094770260489,580.9093208438683,21249.234224842367,39342,24703,20535,B,1756838010,6900,-0.4999999999999996,0.8660254037844387,3.992552677731744,159240.0,-4322.0,161401.0,7255206.0,-138124.0,7324268.0,30s
2025-09-02 18:34:00,127497,3.436206338939198,1030,5751952,155.02242345838724,40.78920077179354,563.2546661170788,20621.411446646027,37104,23471,19613,B,1756838040,6930,-0.45399049973954697,0.8910065241883676,3.4361137313030587,142288.0,-29582.0,157079.0,6469048.0,-1434192.0,7186144.0,30s
2025-09-02 18:34:30,118855,3.1680304928432443,533,5346892,142.5191779726524,40.666357419258524,574.7047704075719,20977.531408234216,37517,23795,19724,B,1756838070,6960,-0.40673664307580015,0.9135454576426008,3.167946052561437,123176.0,-8642.0,127497.0,5549422.0,-405060.0,5751952.0,30s
2025-09-02 18:35:00,110654,3.092016654092268,1386,5003100,139.80216279654624,40.58960028225599,609.3750542185518,22345.05896889592,35787,22507,19786,B,1756838100,6990,-0.35836794954530077,0.9335804264972015,3.0919302559517154,114754.5,-8201.0,118855.0,5174996.0,-343792.0,5346892.0,30s
2025-09-02 18:35:30,101767,2.7953359336373125,941,4551928,125.03235730374114,40.6196270231961,609.6682382297046,22465.6246163767,36406,23133,19279,B,1756838130,7020,-0.3090169943749477,0.9510565162951535,2.7952591534594995,106210.5,-8887.0,110654.0,4777514.0,-451172.0,5003100.0,30s
2025-09-02 18:36:00,93929,2.684913103132861,2849,4152488,118.6967756688772,40.59082244732226,619.6541603086815,22818.31457745605,34984,22305,18769,B,1756838160,7050,-0.25881904510252157,0.9659258262890682,2.6848363584393313,97848.0,-7838.0,101767.0,4352208.0,-399440.0,4551928.0,30s
2025-09-02 18:36:30,70513,2.050094490478267,1230,3122116,90.77237970635267,41.05662206757353,661.9699247347852,25043.397689799738,34395,21498,18527,B,1756838190,7080,-0.2079116908177599,0.9781476007338057,2.0500348877776484,82221.0,-23416.0,93929.0,3637302.0,-1030372.0,4152488.0,30s
2025-09-02 18:37:00,47608,1.3567011484426206,677,2031820,57.90145621384401,41.84928961688666,883.1298870917026,36394.827382923926,35091,22043,19109,B,1756838220,7110,-0.156434465040232,0.9876883405951374,1.3566624871765645,59060.5,-22905.0,70513.0,2576968.0,-1090296.0,3122116.0,30s
2025-09-02 18:37:30,2841373,38.49525138529487,300859,115844184,1569.4704583327689,42.230378772309756,315.9076722983474,12440.025900013155,73800,43527,36627,B,1756838250,7140,-0.10452846326765343,0.9945218953682733,38.50046747334047,1444490.5,2793765.0,47608.0,58938002.0,113812364.0,2031820.0,30s
2025-09-02 18:38:00,625536,9.932295966973642,4766,28174012,447.34855509685616,42.13525773770904,392.8349127513612,14965.976799003518,62980,39535,30624,B,1756838280,7170,-0.05233595624294348,0.998629534754574,9.932138263920866,1733454.5,-2215837.0,2841373.0,72009098.0,-87670172.0,115844184.0,30s
2025-09-02 18:38:30,275758,6.04573357888275,1803,12412808,272.13908620538456,41.28625794418266,459.84239772129195,16978.67305671087,45612,28396,24323,B,1756838310,7200,0.0,1.0,6.045601034792712,450647.0,-349778.0,625536.0,20293410.0,-15761204.0,28174012.0,30s
2025-09-02 18:39:00,206239,5.081029810298103,4059,9346500,230.26607538802662,40.96000160235313,504.3647513650525,18557.896413008624,40590,25751,21862,B,1756838340,7230,0.05233595624294383,0.9986295347545739,5.080904634032175,240998.5,-69519.0,275758.0,10879654.0,-3066308.0,12412808.0,30s
2025-09-02 18:39:30,172626,4.3606739586227805,2895,7810116,197.28991840755805,40.94790239676096,525.9658285937023,19324.002449988508,39587,24882,21472,B,1756838370,7260,0.10452846326765347,0.9945218953682733,4.360563807214308,189432.5,-33613.0,206239.0,8578308.0,-1536384.0,9346500.0,30s
2025-09-02 18:40:00,147582,3.6973143601563283,2369,6695288,167.73444232889068,40.84034573059633,558.0577765371144,20472.860887614548,39916,24989,21788,B,1756838400,7290,0.15643446504023087,0.9876883405951377,3.6972217351003334,160104.0,-25044.0,172626.0,7252702.0,-1114828.0,7810116.0,30s
2025-09-02 18:40:30,138564,3.6745604497600044,4562,6316572,167.50834018404095,40.86967862716775,558.3953222849356,20314.7002665194,37709,23965,19971,B,1756838430,7320,0.20791169081775934,0.9781476007338057,3.6744630071599045,143073.0,-9018.0,147582.0,6505930.0,-378716.0,6695288.0,30s
2025-09-02 18:41:00,121504,3.389989397913063,1197,5508364,153.68461581384966,41.06387382713925,562.5295160222415,20491.68800134945,35842,22179,19184,B,1756838460,7350,0.2588190451025208,0.9659258262890684,3.3898948190720644,130034.0,-17060.0,138564.0,5912468.0,-808208.0,6316572.0,30s
2025-09-02 18:41:30,116728,3.265666965085049,1684,5303860,148.38462399283796,40.914052674567316,577.3736492664858,21077.518201842347,35744,22198,19436,B,1756838490,7380,0.30901699437494745,0.9510565162951536,3.2655756049797175,119116.0,-4776.0,121504.0,5406112.0,-204504.0,5508364.0,30s
2025-09-02 18:42:00,102553,2.99608519091998,1018,4606540,134.5800344736919,40.7120188758571,611.972511890519,22514.20589391227,34229,21173,18817,B,1756838520,7410,0.3583679495453003,0.9335804264972016,2.9959976628688283,109640.5,-14175.0,116728.0,4955200.0,-697320.0,5303860.0,30s
2025-09-02 18:42:30,95166,2.724009617586444,1863,4285844,122.67700938859629,40.60570783355251,633.3392889740381,23426.643132971923,34936,21825,19003,B,1756838550,7440,0.4067366430758002,0.9135454576426008,2.7239316483956837,98859.5,-7387.0,102553.0,4446192.0,-320696.0,4606540.0,30s
2025-09-02 18:43:00,79383,2.4027058930355034,1562,3549832,107.44368776294682,40.79676872096142,645.83188211025,24018.702996571697,33039,20714,18000,B,1756838580,7470,0.45399049973954675,0.8910065241883677,2.402633171912833,87274.5,-15783.0,95166.0,3917838.0,-736012.0,4285844.0,30s
2025-09-02 18:43:30,54933,1.648698940544434,928,2383476,71.5350400672289,41.609282156745316,756.570478626524,29951.63200773476,33319,20379,18407,B,1756838610,7500,0.4999999999999999,0.8660254037844386,1.6486494597839136,67158.0,-24450.0,79383.0,2966654.0,-1166356.0,3549832.0,30s
2025-09-02 18:44:00,24941,1.274125159642401,1068,1075368,54.935785440613024,42.28116523748707,959.9383354173546,40484.691063376704,19575,12669,11704,B,1756838640,7530,0.544639035015027,0.8386705679454242,1.2740600735594605,39937.0,-29992.0,54933.0,1729422.0,-1308108.0,2383476.0,30s
