reduced_feature_0,reduced_feature_1,reduced_feature_2,reduced_feature_3,reduced_feature_4,reduced_feature_5,reduced_feature_6,reduced_feature_7,reduced_feature_8,reduced_feature_9,reduced_feature_10,reduced_feature_11,reduced_feature_12,reduced_feature_13,reduced_feature_14,reduced_feature_15,reduced_feature_16,reduced_feature_17,reduced_feature_18,reduced_feature_19,reduced_feature_20,reduced_feature_21,reduced_feature_22,reduced_feature_23,reduced_feature_24,reduced_feature_25,reduced_feature_26,reduced_feature_27,reduced_feature_28,reduced_feature_29,reduced_feature_30,reduced_feature_31,datetime,direction_aggregate_direction,timestamp_numeric,time_window
10.479970471603153,1.4053515283076343,-4.560915917926135,8.626211647637376,1.005751743820367,-4.446664909233313,7.5209719447441685,3.4438852513965257,-2.247749499156005,0.6237661154898663,-0.44995081258794095,2.8705383155855904,-0.40791684375798126,-0.6186623213822366,-1.0857031341842442,1.3023397012211502,1.9789270226048132,-0.13933496384085678,-0.5989502578952669,-0.07243918044435856,-0.7265406630797177,-0.4819449795411719,0.25676330306410877,0.5052111063972167,0.14140700341863485,-0.5298290496379809,0.28680216432058336,-0.2025136371535259,-0.03724772443940063,-0.14012474439581338,0.04072599272462506,-0.03708928874427504,2025-09-02 19:28:00,A,1756841280,1min
2.5287052901237943,2.4565959286950494,-7.826318667954562,1.8698531769212117,0.6412831830830328,-1.3890089819737177,4.472799867830112,1.1270358346446725,-0.25574748834618277,0.3734492007791464,-0.610935180438678,1.081481933369872,0.7681654713907163,1.1613724797679144,-1.3603199974393068,-0.9196351442929287,-0.9258653871622153,-1.7128312720388934,0.4176205162205198,0.6150516673656774,2.289184607521572,-0.08753223001409526,0.3826701868643052,-1.0110260576480228,-0.26710562512916813,0.5498268083575247,-0.23024957216988667,0.5234984490807186,0.13417004100066537,0.05746599375737885,-0.03318907234459099,0.036577365483890394,2025-09-02 19:29:00,A,1756841340,1min
0.026540884197080714,0.044059016054763527,-3.9370287174320358,3.0116145120421676,-2.4599222975685926,-0.6762344871963614,-0.09043882286593075,1.5790527576663775,0.4424534170863848,-0.9650679077325729,-0.2059796163188844,-0.28769078419229305,1.0397647081201444,0.7309678812526461,-0.058999391178424135,0.06171554710681381,-0.9171206931700253,-0.10737194561043319,-0.4372918197077087,-0.3756274504958174,-0.6788534128522502,0.3334065977046552,-0.27711649452266085,-0.6436196194602146,-0.4551346152994554,0.07409554835306335,-0.20832020988755756,0.21961139689761666,-0.317283517364956,-0.12470763944824872,-0.27004256412358785,0.07991568737262361,2025-09-02 19:30:00,A,1756841400,1min
-2.228302599657546,-1.5913640334001418,-1.3053229085119675,0.2756183610586059,-1.3316284254185804,-1.2686734955857828,1.660561858984505,-0.22048932050345862,0.18656300588290406,-0.023843159580794984,0.39778582438946003,-0.015173687519501053,0.7724519336023852,0.8196065080890534,0.33881300615266313,-0.06736838848099663,-0.8443902370959943,0.3019107782175486,0.31696393055748207,-0.2965374890938543,-0.47736210508576027,0.07848766137219096,-0.07843028954023291,-0.06467798758795039,0.050338874601972096,0.09714227355136483,-0.11736161725282518,0.1741125735517355,-0.20505652722136206,-0.028993278460078264,-0.1468329270459799,0.11251553352259168,2025-09-02 19:31:00,A,1756841460,1min
-3.7043736249004033,-2.24823251222829,-0.7650315113618257,0.12601143574167908,-0.500997739072686,-1.38244986958052,1.2344615330836244,-0.4488819563819025,-0.16999686118676596,-0.37024868897267954,0.44576686674309823,-0.13348208414428026,1.397804672583741,1.1956363728522506,-0.14115622001147632,-0.6836989077541804,-0.041038773769273056,0.6250820012749576,0.11984757495856893,0.021285087648324014,-0.4239493022321214,0.19392385114996402,-0.10424663196963534,-0.1541179508334537,-0.3032141528441232,-0.008515971117522317,-0.03773838878116331,0.10792345800209036,-0.04774183327473046,0.07344400548108487,-0.1605342040275153,-0.06306596519768096,2025-09-02 19:32:00,A,1756841520,1min
-5.151152349447621,-2.373876325131645,0.8901648235446372,-0.06534556070692442,0.8614132425956323,-0.4344696625958359,-0.1603820188640085,-0.2096806651941573,-0.8026566781923403,-0.2229797558920131,1.0931334099907715,-0.5902001263092623,1.801249194161998,0.6651768053341007,-0.8396793729779918,0.8853133092846981,0.08828053501889102,0.19692821295359259,0.6642217163431667,0.27152819315887844,-0.08700553871992665,0.44232721386192325,0.6170755289262784,-0.17508407077495966,-0.03429145821192562,-0.11511760692743339,0.02904739006892682,-0.1240908766739578,-0.03799798184178398,-0.07063911338035585,0.02024594530199482,0.02572308829541042,2025-09-02 19:33:00,A,1756841580,1min
6.173715521030388,-5.4411093438253815,2.1889019904926625,1.6164834887986073,1.4622341060768103,-1.143768442999623,0.5218500392964044,0.4391101695513935,1.856312498023805,0.3310893293977774,0.12463567344432043,-0.6819969689518505,0.6250838760629681,1.1082499513989037,0.4031164541660891,0.8373761394118658,-0.03980280791248064,0.780014336725487,0.4337237324031488,0.18513781933675952,-0.09582712683783425,0.35641589489306286,0.4510225846846753,0.10546551355456886,0.04979520023439429,0.1914912415954795,-0.48469182090968943,-0.22136432996988012,0.020048713505625006,-0.012963098325350407,0.14007155216369502,-0.06139657700548582,2025-09-02 19:34:00,A,1756841640,1min
2.3235602801539743,0.014932950734681873,-4.729157245431895,-2.184103535766096,1.5676370516915845,0.23029484790937554,0.7654272314156924,0.10681134569627829,0.3969594485182436,-0.28228581640282235,0.5591311016011309,-0.6114585462836694,0.5120804022660509,1.0276440436107652,0.3753929439511404,0.47375291780428513,-0.8198709630415493,-0.07469644458758898,-0.26201294628268024,-0.98736173390199,0.3677297670636476,-0.4657195348257647,0.08742760297487748,0.28285636271078984,-0.03623861148174771,-0.17954479638797327,-0.02880054930209162,-0.5010304906883631,0.018639712413926014,0.13249563236936288,-0.18746378940392414,0.11868147345466781,2025-09-02 19:35:00,A,1756841700,1min
0.19792780366728152,-0.4416298615290393,-4.071716401476819,1.1799470942833852,-1.731798748659687,0.5224521032201395,-1.0665829423667335,1.2901675949851157,0.817712096442896,-1.1021305772385033,0.3148960253729828,-0.7704586556547626,0.6467817471055252,0.9463963355138847,0.3010224640201619,0.7374875105055463,-0.5785625417249052,-0.1371205031971065,0.5052752556510397,-0.6811558805287623,-0.12342791236324123,-0.6516208458687577,-0.5894541310414964,0.6365084244493237,0.0868335354328881,-0.1753164128242036,0.0012423999664572978,-0.046617721622134095,-0.22615750448546934,-0.061393928162605416,0.056479268379907424,-0.19414074334051407,2025-09-02 19:36:00,A,1756841760,1min
-2.100883788436423,-1.6082825343770975,-1.606168303937292,-0.20518365614308204,-1.5976941206413977,-0.5973331229808327,0.8988684003651445,0.006783231766342234,0.4861463251970956,-0.27634120837342147,0.5520626780692853,-0.3457440719026334,0.08220980615701198,1.0524094043429688,0.18665280541821075,-0.022985008283218363,-0.6557657804540776,0.17936564170397304,0.4359198830403536,-0.7815903261694951,0.016447213303335782,-0.6615988886930017,-0.1227618524239139,0.3812798623585715,0.358291940343083,0.08535956310227259,-0.0066954160870077405,-0.1538200548287068,-0.03272349423261026,0.11967251366217488,0.02327975916640455,0.15563960788711523,2025-09-02 19:37:00,A,1756841820,1min
-3.3514615450164045,-2.080040473134933,-0.6975939346149582,0.03619979086098131,-0.6273274988193912,-0.8960499818761389,1.045417912073906,-0.43714962094332155,-0.25592903034335174,-0.6212999050968657,0.6790517773192728,-0.3788386690532618,0.30893167632141233,1.219307090929639,0.13522078436214896,-0.6768169910608617,-0.2916449258756731,0.49940555777093937,-0.20248993302878315,-0.733735490989052,-0.2762202325624009,-0.18958307238639743,-0.09767308456222339,0.03805144861323608,-0.007071575005549969,0.0529573852254344,0.08826682517851904,0.07204118480006277,0.19270647393251178,-0.001063487040879927,-0.03985805466585631,-0.09574941015624228,2025-09-02 19:38:00,A,1756841880,1min
-4.540181873480801,-2.3879549040294754,0.5673056732717953,-0.6075086804210028,0.1049303658426874,-0.4753710787953987,-0.21357661247442442,-0.7387147632734137,1.0956041702231214,-1.9144071577400232,2.59036257169631,1.7442349534735933,0.8198919779130421,0.7523294979107165,-0.6893529922389322,0.10025133159814457,0.04995292336150088,0.4923905915538448,0.22158728668007216,0.27153632383762044,0.3289430315554914,-0.1349142813695422,0.21938966930904724,-0.09748989919584516,0.04181056089498824,-0.20187683960990896,0.09805415462772878,-0.0766202960388004,0.05120368551840331,-0.17266061355362008,0.005279013978902434,-0.0856978644878665,2025-09-02 19:39:00,A,1756841940,1min
-6.592484725474049,-2.6435392910482163,1.7414753537864667,-1.2238154772592895,0.9425294147254935,0.7655925447699055,0.406886550385852,1.3049798867746134,0.4123616940975745,-0.7164461346775545,-0.29238073834831213,0.09408442800217877,0.7691167450068888,1.493134364358799,-1.4620803275588796,0.23196027319857934,-0.01209907460804565,0.07812860003970232,0.03230092174493922,-0.16661101448384574,-0.3396232201655004,-0.1415124524735329,-0.050964727101518434,0.08757569715888158,0.2828871238638924,0.36403544544152483,0.3398406535937957,-0.050341482274045946,-0.2583793161344912,0.07564360092687053,-0.09998108527513104,-0.06645539614947953,2025-09-02 19:40:00,A,1756842000,1min
9.59044971947323,-5.633176400246313,3.1824155859144656,0.20523206160060975,0.6000886324641629,-0.4994954727549438,-0.5125122973782049,0.03522259256544493,1.0386086148412612,-2.8074049748319014,2.87219313914361,2.2490586902469976,0.10524444035217154,0.7142002770423475,-0.15597536212154092,-0.24508820126158645,-0.6364540232781785,-0.4165845019586005,-0.188160007222281,-0.1725698474988235,0.2753173207907087,0.47053649073069176,-0.014816299666881265,0.2753750980501864,-0.04134364134857909,0.008611026593556071,0.10499372758167978,-0.07986383661130014,0.2714794673164193,-0.04824036292050572,0.06750939647028127,-0.009329189835554051,2025-09-02 19:41:00,A,1756842060,1min
1.0811704753267526,0.5502446855152713,-6.17971176626298,-2.4593231111638847,2.347502288820031,0.7166190970677028,0.8478683099563626,0.018135418633245904,0.969027496772421,-0.11426326758058,0.39356233243314115,-0.3982138407403973,-0.44224846631793946,1.2214190925957984,-0.13562346005546436,-0.20320198028084946,0.11510312643028453,-0.4240667308516788,0.29094670833410996,-0.9054526121261444,-0.4265678257439192,-0.15069629755810093,-0.021659148260563896,0.15575501353883608,-0.02298638293759717,-0.005855156232519968,-0.046385108741715156,0.08107951147290451,-0.05248444559327568,0.13611951950264686,0.21702458302513078,0.10393537122680907,2025-09-02 19:42:00,A,1756842120,1min
-0.7528553076432366,-1.2744450635646587,-3.9925202743809467,1.9929082851385047,-2.0436843040274075,0.2328205137076762,-1.6055174718216654,1.5533813140466728,0.8335155970269823,-1.4130443660422627,-0.4880195764965165,-0.6736378832482395,0.4069793573341725,1.542671526445388,-1.529563655960879,-1.271075509982818,0.4681509289332608,0.4547863293256546,-0.3689330864270116,-0.39406623880249964,0.145569356013444,-0.12466564425278576,-0.4744671261703955,-0.057142065868909964,-0.1897608977989296,-0.16591328931451838,0.052625987661606595,0.00010110501070273369,-0.011453924626888786,0.07813486482581841,-0.0039684282131743276,-0.05984869135589344,2025-09-02 19:43:00,A,1756842180,1min
-2.763507788114533,-2.4037382882892175,-1.2882681246775134,-0.05873856220000968,-0.852095382692728,-1.1225107696816956,0.2859198133935816,0.0952230666453576,-0.8939994221955568,0.6973768447045878,1.1839119239419629,-0.4492013759377803,-0.5962030557103188,-0.2677569567972303,-1.2362754406286476,0.11443929142963942,-0.6255632760295027,0.5991196003776963,1.545160827470968,0.0013948758557852023,-0.04719612708681316,-0.12986232234082518,-0.1645589800046482,0.08374938477146697,-0.017640517985979865,-0.126128952833933,0.09074765186114818,-0.025483674795546443,-0.07574605323483517,0.07365516072386542,0.01206184461778499,0.12249478502671982,2025-09-02 19:44:00,A,1756842240,1min
-3.819203076291127,-2.187848802876623,-0.418814079517036,-0.5137828744023311,-0.9533102558098496,-0.8907456981892746,1.1157087896895288,-0.3318090058405897,-0.3768548948156348,-0.7130609391141982,0.28549950641117394,0.016971352372174498,-0.7362355700158368,0.9434335436413582,0.08890224947479322,0.0810460273742275,-0.3691535091397407,0.35600538540833987,0.17429902575584755,-0.32927926377550837,-0.47146722251019196,-0.16944237650017033,0.02218901358361797,-0.09762156322683135,-0.23912441516905303,0.09006593464524988,-0.08142670652906737,0.011280623631798542,-0.008390569643932462,0.06597993581960415,-0.05380668964990451,-0.02236167206281084,2025-09-02 19:45:00,A,1756842300,1min
-5.280345215685778,-2.4618446458302015,1.007639794015949,-0.9203180328224685,0.20514566511762325,0.12136676626239253,-0.06047029208951284,-0.3202028480878021,-0.2412759791820356,-0.9778611085003277,0.19325346280904443,-0.1287320525157353,0.06354940889882056,1.2232740463824536,-0.49729354507886975,1.185624317240454,0.369106040767696,0.1540891275654006,0.6864169120339336,0.1808281455612223,0.12765495116264394,-0.19449332780017686,0.26012219181795493,-0.13397475727251304,-0.03616794560750711,0.006980496723856103,0.0999546948207562,-0.09999478692006235,-0.14193030499998877,0.056922548610120326,0.035595711165218244,0.011647574245564991,2025-09-02 19:46:00,A,1756842360,1min
6.641663613939098,-5.551726882859006,2.000616673754147,0.9484181323472863,1.3568077267587975,-1.405785519940642,-0.7267166178377876,0.7536117688398327,0.2992262730305552,0.8495119876641885,0.5887818916451995,-0.7967352646170867,-1.0816942058153074,-0.21858984351050653,-1.0565222038220843,0.6562547862826845,-0.2920058872206776,0.5424274937708582,0.8553411597138361,-0.4002073272487883,-0.06348935463247321,0.3719677415150842,0.2703385413424666,0.1560122382312491,0.08767557757178035,0.1344608195177783,-0.39001999321546027,-0.17607443124738767,-0.01793552281418165,0.019357039224019344,0.021791354033893102,-0.026366198957309357,2025-09-02 19:47:00,A,1756842420,1min
2.9531355553529477,-0.27081369331698973,-4.742675215678947,-1.4880011569853668,2.0808505205618113,1.639605416787471,0.779572616123058,-0.9859318944327646,-0.13751209812262397,-0.3847627634214421,0.21113353905420398,-0.344689206919112,-0.810275388415312,0.9032164873659032,-0.036642277737093235,0.7530613359901678,-0.655950185398518,0.18866157643236525,-0.17984744097693442,-0.3067471325315082,0.25990943737282857,0.22720300751116607,0.28100549851608714,0.1950758556635792,-0.03387798945297335,-0.17637572051228517,0.02353586327505435,-0.1150921563340803,0.098119232471727,0.08535669525113075,-0.17789220334517786,-0.03561976969373856,2025-09-02 19:48:00,A,1756842480,1min
-0.02120901311832773,-0.04080630545172335,-3.7890666590372217,2.2411788634360827,-0.5693790032180389,0.36401220703614723,-1.699204251487491,0.628001350855009,0.07708995477947415,-1.7346873183515112,-0.24913893108767568,-0.7010691400737461,-0.5718546945779681,0.7916691462656658,0.18911682524906515,0.527348086877284,-0.2793202254339939,0.11567325652512019,0.10588706574811592,-0.29548688086107294,-0.09808341453073474,0.2592615127940293,-0.013898467523991275,-0.1485022184872321,0.1520786092006948,-0.37380316842827016,-0.0599777053923189,0.1492153492118055,-0.0024673958695489062,-0.15213673621489077,0.1319360335400069,-0.24914738954923454,2025-09-02 19:49:00,A,1756842540,1min
-2.1947696662540577,-1.5526937765526743,-1.5797912500641607,0.29624346874588026,-1.0566935684533325,-0.43188113596426003,0.48204426238804476,-0.5316546872549849,0.019140266522857587,-0.6074367580588194,-0.24292112554430426,0.040901845525842306,-1.018198646382261,0.7554252073466516,-0.07153666418101812,-0.0585167046236385,-0.3561233699500208,0.4630490209225913,0.7421336817742239,-0.05579962646315734,0.08427250475002789,-0.05091590587145381,0.09440158537749845,0.10590488604354836,0.3750835688502123,-0.09161256439897113,-0.06183270266171908,-0.003621074824234725,-0.06897747778750311,-0.001216642643402307,0.06559844907170198,0.1816730610007032,2025-09-02 19:50:00,A,1756842600,1min
-3.3270176073558195,-2.026045659921796,-0.6008773849215293,0.38160200062342736,-0.20981935058588366,-1.008641579298152,0.6033398911692136,-1.0568844158702215,-0.6399783353631678,-0.8704185613446671,-0.2040030027947247,0.08008472939528355,-0.7602907358037321,0.9093149194903963,-0.14891079949065716,-0.5684140447137741,-0.06521892480420066,0.5855571625471093,0.015173766729475246,-0.16928447708182287,-0.1414963138388248,0.16964534183932378,0.007112832980652859,-0.11553254520631011,-0.10427036913297298,0.010971937680112339,-0.030981726564767064,0.05645429330486168,0.050329471999783146,-0.0005686427003560162,0.05126503304618914,-0.1080834811086351,2025-09-02 19:51:00,A,1756842660,1min
-4.746590623381328,-2.3232444845955786,0.4910996770403801,-0.3436624209182365,0.5524347692813839,-0.30301737389740274,-0.3938694661329014,-1.1396318512072492,-0.5513518741029924,-1.1059783361616666,-0.25857581682792646,-0.012085440268909212,0.005557892860230611,1.147313390844389,-0.7081973542124411,-0.3146210197554647,0.9282180920455397,0.5355417561160235,0.16421254224251056,-0.19823510011927387,0.2605054965864278,0.1626058767555303,0.11076500805027922,-0.14255393221951979,-0.0092492496341655,-0.1553313685849547,-0.044074534790625904,0.007647981788064321,0.03997609743435388,-0.11417130382117496,-0.044006439925761594,0.055040843884944304,2025-09-02 19:52:00,A,1756842720,1min
-6.714227088985868,-2.1482358450242383,2.0770465955623445,-0.6846864237553897,1.4645604275905817,0.7437261079879676,-0.21836509156214443,0.4917708998702776,0.08361274270316049,-0.9614460547019019,-1.1200459573395878,0.48564947809232084,-0.328663567258431,0.9410417450221867,-1.289890764913069,0.22047333077556547,-0.0028752074233463383,-0.1639723422984733,-0.27792439085081017,-0.5122505043742498,-0.3800418659115207,-0.06979676074447937,0.11915658510420492,-0.1376698297662638,0.3590130785308443,0.3085216455846377,0.2087438185431478,0.09225705442775,-0.12558742800779396,-0.02964047389015537,-0.06222524796907676,-0.004029108313722082,2025-09-02 19:53:00,A,1756842780,1min
9.43364777962968,-5.510447873239122,2.668763389527193,-0.8909600830189806,-0.051687803517613845,-1.0385395431498927,-0.8743436407401743,0.41895643996226023,-0.3676126233301423,-1.4597495119678445,-0.9863549764385242,0.05738867101398297,-0.734996670737065,1.1199202434872155,-0.14159702802879037,-0.2864860967246886,-0.018204656662180203,-0.8168863549501026,0.2483517964553217,-0.5515900083319358,0.03015636989109603,0.34636906092959424,-0.3342305703783263,0.4186815625153532,0.04167204677976775,0.14952140377545578,-0.037796635153341175,-0.1902790916414167,0.11013080464491608,-0.26811085668910634,0.1234390085899152,0.2371730041764033,2025-09-02 19:54:00,A,1756842840,1min
0.8384848792787506,0.3139622909997664,-6.101575234879938,-2.225759063414994,2.462865961315775,1.0378489481419844,0.49316636142777615,-0.8266117214378267,0.6870124009739563,-0.07543513696466556,-0.7078082301125739,0.25949196059673285,-0.982162334334076,0.5418314643384289,-0.36173200837300745,-0.38925360780893037,0.2795503423757321,-0.36068783088222756,0.33757376476329487,-0.48946727453104644,-0.42377521457361855,0.14574840145133253,0.12732203513957088,-0.008932038501470969,-0.1402260783305808,-0.07453477197307036,-0.16854383889659516,0.013286225461819822,-0.04416555236462337,0.19861307892400687,0.22888858267834256,0.15381924903744676,2025-09-02 19:55:00,A,1756842900,1min
0.7097962093118051,-2.43174061398542,-2.4704845375881663,3.8547483866382803,-2.6072595238623237,5.1035425820917455,0.31829049213664096,-1.0930317652041848,0.20813949058061956,-0.13050428191056965,-0.5073184161051285,0.3599615765443623,-0.5632082493495719,-0.17052696795055805,-0.4248682286035305,1.0251258672122328,0.2520921849276416,0.3593973286720563,0.28264967413810865,-0.48697512945190446,0.3128662301442454,-0.39318235941109864,-0.2835307831140553,-0.14661802378047092,-0.6119042008219164,0.20360588517354383,0.04213922942977903,-0.06009675359819501,0.024730339027840147,0.05584400987425679,0.02061823097214967,0.1852143589486688,2025-09-02 19:56:00,A,1756842960,1min
-3.145833844615215,-1.487295988691816,-0.8371457931631691,0.5432780173719236,0.21889314925423417,-1.3498501951795097,-0.3471293533669419,-0.7753310937790342,-1.5904419254852273,0.35865957013138616,0.3865615886335627,-0.05728633677744443,-1.1049092316031206,-1.3019712830874635,-0.2528079624968675,0.49483141306729383,-0.8873875285350851,0.24564706928131266,1.1068070259110108,-0.39252565277287427,0.11258105474969596,-0.10413529405780077,0.04370616332719701,-0.48532949855789004,-0.10560540464930893,-0.22874403002015922,0.07805880290227603,-0.051698173377929674,0.26170008217533675,0.02391468956475251,0.08274085252237576,-0.005832419373168378,2025-09-02 19:57:00,A,1756843020,1min
-4.029228994390769,-2.055239014498149,-0.1349613200305102,0.29284851710372845,-0.3244893448498122,-0.6878804032358136,0.4654343844800652,-1.1483011211193814,-0.8287093295525303,-0.8663988553396721,-0.7451802977010892,0.6200266135026551,-0.6160619342603323,0.15047061869449418,0.2685863261188133,-0.1890146129861662,0.058052852167108114,0.343081457845748,0.029462576430704393,-0.3188994685979664,-0.5505786398901958,-0.04152990108741144,-0.21505141667274047,-0.2958081230706831,-0.36892896226270283,0.12889141055615155,0.05102730223065283,0.1436156657163731,0.05562364620566745,0.14043834648529258,-0.034152942854104675,-0.13243556532691259,2025-09-02 19:58:00,A,1756843080,1min
-5.732380615714895,-2.39218468575886,1.249677612923446,-0.5583468166954915,1.0751053036239864,-0.19232970639386168,-0.9192279179984252,-0.6242770063969159,-1.10271745729471,-0.5413932741705079,-0.5938033736324605,0.36914817142668455,0.23576505116259774,-0.08557821472978748,-1.3107895282657727,-0.2990507206510978,0.7093315093766818,0.06328263926771431,0.10983297745873709,-0.7050639928587424,0.17086897844603668,0.10669594961246688,-0.13710411976857417,-0.13267895165603769,0.12249846896097902,0.08319297375034918,0.1972421008178231,-0.0032476805913556235,0.046615731559197085,0.07086450085410831,-0.058757348501625686,-0.023643616305499084,2025-09-02 19:59:00,A,1756843140,1min
7.449228076840313,-5.228301561335087,2.619318746189568,0.8983207600860014,1.490510448769702,-1.234372294634705,-0.6777459041561532,-0.25868038870739596,0.9961078607762521,-0.2893228836197785,-1.5142414789914225,0.1605830408228033,-0.5404423222531377,0.48544753645836347,0.06451739340910878,0.20935516209418528,0.2689100231303132,0.22768919177919822,0.31625443152798716,-0.043891634725234004,0.0156471539898926,0.2051573654337592,-0.47010403358043296,-0.3021850829536339,0.14165498972595,0.05420401637295241,-0.07575879811951855,0.08039994693122253,0.04405863345287049,-0.10961606756222426,-0.056589678274496354,-0.05931637335702882,2025-09-02 20:00:00,A,1756843200,1min
1.9649199164400644,0.3569285114910237,-5.134436394644803,-2.0642840110367997,2.213994466222657,0.4824345737275564,-0.044751509404036216,-0.980390219494035,0.3331734166969352,-0.19185779734416208,-1.1290561173537903,0.3225749448455082,-0.5327419004457474,0.09252171461740041,0.03828467630891506,0.3736010484700937,-0.24930078483098478,-0.3365158492188429,0.06803519465844741,-0.28694323525108956,0.2582239347891659,0.242130814351084,-0.15856550691124557,0.016848607945736588,0.09537140568477093,-0.24622096799968413,0.004314950123739164,-0.035178395559163654,-0.06422788268358617,-0.051618682404478713,0.03232492503817866,-0.045518505399472844,2025-09-02 20:01:00,A,1756843260,1min
2.067107399416722,-2.5737563358548665,-2.4971674474870085,5.371725208150091,-1.385207388392834,7.711231097765964,1.1091998524691837,-3.7885664096429914,-0.7751949923347201,0.3773527602467833,-0.031923066416483216,0.3791936145876828,0.04177516213319348,-0.5342458313607406,0.033652333043191415,1.5103353789323233,-0.3304230820117656,0.2972845088691454,-0.19523975122977447,-0.07363754099728625,0.1799105026665023,0.7751389274212721,0.637207197420658,1.4553368241805282,-0.7004011539136875,0.4763461203543305,0.4056021978513737,0.39736211542947414,0.04387779454166076,-0.0674380592415897,-0.05756735277725253,-0.021418529467831522,2025-09-02 20:02:00,A,1756843320,1min
-2.6708243803285154,-1.6345431585548482,-1.3852330296945832,0.3433931337845075,-0.4967263990031804,-0.4945444452324016,0.27386919261706133,-1.210026478201344,-0.22979049750367073,-0.3551137309025723,-1.2203296346459978,0.657642506110013,-0.11852721987502937,-0.1276526846983967,0.05517899254521739,-0.6397054260674274,0.0015266254354451547,0.3945740854729389,0.37453906072239196,0.09846667085658765,0.23210772107838307,0.1369562623100047,-0.10503819139262295,-0.030565597965196492,0.027461958258386415,-0.11535181338224826,-0.08208029201450348,-0.05620420502331174,0.20207918043484924,0.0012862263637799505,0.042353031947916134,-0.02015566851403522,2025-09-02 20:03:00,A,1756843380,1min
-3.666233643391286,-1.6387862747535569,-0.02010593331906494,0.08815377843795265,-0.6139101851348655,-0.9571584480753298,0.3328065729522992,-1.094020406520337,-0.4342008554762585,-0.4919616611641352,-1.0048370138232343,0.7145650576235391,-0.3828790136118663,-0.5111120487880645,0.91924312692614,0.39206141959471724,-0.26979877556411586,0.04640363307615932,0.12280886305645662,-0.35436342323313136,-0.3197754685622367,-0.2062845384175299,-0.1556589818030896,-0.6548156612629803,-0.22577896467095943,-0.038447484753362966,0.039850202928736075,0.21179587053375498,0.1515019990507312,0.04490911815077787,0.012903869877014133,-0.07751307692650697,2025-09-02 20:04:00,A,1756843440,1min
-5.114329919654348,-2.490058845733857,0.9398976726855487,0.03475564806210329,0.9040420851925292,-0.0974095884697307,-0.9954046012945785,-1.199438604485379,-1.7339975592451216,0.40972684744028204,0.03366626343853057,0.2786698960685756,0.665367129596336,-1.4663785872524098,-0.9150924883762844,0.5309856876488022,0.29667569658304643,0.01144326525548721,1.024099771180264,-0.12806379309847749,0.18142453699250968,0.2850671367636125,0.16983947117517795,-0.03733748214440047,-0.12055980998986462,-0.07565240382364119,0.022982141002055596,-0.0669269121394317,0.07545708732045747,-0.00939158674006849,-0.019055385584224083,-0.1295992642461592,2025-09-02 20:05:00,A,1756843500,1min
5.485528598944853,-5.322097851484289,2.7463088657686496,2.0131727340594687,1.9838961960087216,-0.7357978889452412,-0.07875696014722536,-0.7840918855348498,1.7670192259453512,0.5947474485603184,-1.5195050835302302,0.2054350318199764,-0.26605098734715593,-0.3154479831185058,0.7219026740009444,-0.09271230421674713,0.5729069200904449,0.626532602124539,-0.5738812965958081,-0.8938191970215175,0.13299156336381757,0.20901791179280815,0.06909923241304497,-0.5558465975170352,0.06550709118483336,0.17472620302309347,-0.15200050685330138,0.10340490211887757,0.08760347336460376,0.11641745064761659,0.07601701140603796,-0.029078735785247098,2025-09-02 20:06:00,A,1756843560,1min
3.3893131849978144,0.006947176973930381,-4.041340826953866,-2.0124810668108304,1.9088857944537578,0.08040704670287503,-0.2649192176261249,-0.9745292422677364,-0.16440724941281998,-0.24945619910587685,-1.2925091386137793,0.3676263205996926,0.43206362236041446,-0.28426734123923997,0.3326120835197316,1.095081000297016,-0.5737546654098362,0.19640170810749397,-0.0014015502641836531,0.46413822926706744,0.5459688596493549,0.024739196089970585,-0.2776452837978173,-0.0631163373731658,-0.11086622056715544,-0.3335153724816264,0.07251860460616916,-0.32938772262094224,0.036571702206800255,0.002979694547499443,-0.19795913157729617,-0.015858913866553383,2025-09-02 20:07:00,A,1756843620,1min
0.00602139124021663,-0.4272769966713873,-4.3192280552982485,1.9754937001873063,-0.49463817339408034,0.5590006016148129,-5.199086770606268,1.790939335042107,-2.657988940341924,5.777277554994196,0.1876273768812076,4.6938206864963075,-0.06420238587137463,3.0310353411331032,1.6880009508592013,-0.4752867371503061,0.0024624917592739114,0.11111507130877249,-0.1914666525694683,-0.19145146161433008,0.006626602673154363,0.3291827371302222,0.03348417120963581,0.12120902381311066,0.04033838748113481,-0.112882449983387,-0.26464317150470534,-0.026073643761347368,0.05959024141723417,-0.04267896860512019,-0.014922818359606528,0.06718279697974948,2025-09-02 20:08:00,A,1756843680,1min
-1.9149112669523716,-1.1994539694494677,-1.5709647558369502,1.107858029351562,-0.7846760052466057,-0.22273013393590527,0.12733217256738485,-1.532981636198077,-0.04816655918450892,-0.05498634836690557,-1.0769713943080383,0.5235221575307886,0.49865623300861556,-0.3678967334579382,0.45612452560315386,0.06492767526094538,-0.45451988335391136,-0.007107291383290271,0.5946967724808784,0.49154048502204273,0.2782058952367306,0.0032679932623925277,-0.025422007855626892,0.16023508594062616,0.36696943675482374,-0.07461442021450855,-0.012886709109311776,-0.001001794934231387,-0.005183376689070653,0.1301020709255322,0.049903045047765486,-0.06736458483341043,2025-09-02 20:09:00,A,1756843740,1min
-3.140259011812504,-1.5052025181469864,-0.33062850819721257,0.02611304315159683,-0.6719568904493791,-1.1618954802498398,0.37952908840505367,-1.2701922892683224,-0.30844684637827946,-0.18368307197410058,-1.0278951632972004,0.6821340597756452,0.5146596251970714,-0.4866436442331082,0.7682294807291938,-0.02765786933652386,-0.2974976794375632,0.0646891029790322,0.23935059559967123,0.05206796066517842,-0.1094051106324768,-0.25261525924899264,-0.3240062057665507,-0.1077225485048262,-0.09254949614792958,-0.05576007827610058,-0.02842529638485886,-0.011799482274726731,0.06875677794148959,0.02075189844737509,-0.027272756550366296,-0.01207383837789433,2025-09-02 20:10:00,A,1756843800,1min
-4.815453495247703,-1.792437038474915,0.7733010770335201,-0.6175591743068911,0.1291017275538373,-0.342597369083799,-0.32741589280715816,-1.1740058156398347,0.034741736732964476,-0.22351597737815884,-1.0690980189995154,0.5218740934723154,1.1090079533955626,-0.2191362903588278,0.091107880092793,-0.32939514176478174,0.4335738020845775,-0.14276799951430275,-0.24171587925248694,-0.3587647791986846,-0.019926596832025335,-0.033227070726304354,0.12853354904409187,-0.061697066505444334,0.18036312843827215,-0.11233329800927297,-0.1230329559344706,0.030543604424650782,0.16623051571940714,-0.2426258310494055,-0.1307775316718571,0.05204611278123726,2025-09-02 20:11:00,A,1756843860,1min
-5.49458624909867,-2.207675427307787,1.9359057380329512,-1.3160404132250414,0.5068053684528856,0.26350047631620754,-0.39195441346476184,-0.13079790733754526,0.41668102593785117,-0.030619667928114797,-1.7564649066904152,0.8149748665608699,1.3097782020632884,0.0288089888239814,-1.214164265240966,0.7043717984970066,-0.30698620295681595,-0.5610266855609856,-0.6533079709651392,0.6127493278169877,-0.5425800127306694,0.2171621888881119,0.27315921474318416,-0.14464552576747727,0.19099716927021343,0.3107288129830715,0.2394138025203089,-0.2694325855753285,-0.16144442962698904,-0.010615550062524397,-0.10834310735819452,0.20053503868326603,2025-09-02 20:12:00,A,1756843920,1min
8.919253873627099,-4.914633388166668,2.7274064892657064,0.5324537543897255,1.4142386884209321,-1.7597329846997003,-0.8653328251956266,-0.1134485749586261,0.34628058306991266,-0.41748545211319626,-1.3758351111779306,0.18161805614559523,1.2983692850512998,0.07337407814811428,0.6465389608618171,0.6851916092876387,0.3258146392953567,-0.1141525596866608,0.33327044753165985,0.7182664953559926,0.11377798465370692,0.3171409963385239,-0.7207867644078322,0.19697351237030927,0.1317235334557698,0.05104607125113543,-0.15779806134127944,0.21217607570775235,0.0844768489004491,-0.06976855237106903,-0.08039057037293305,-0.15496378744953299,2025-09-02 20:13:00,A,1756843980,1min
0.9928432957175779,1.3360406881858125,-5.688572319737737,-1.709585156980834,2.705431906484521,0.42751209995273104,0.3394331028972359,-0.8446479346309137,0.8046867753303671,0.409091076306373,-0.8731435046108585,0.28702743787367396,0.7467305288120009,-0.44368091227519324,0.7857371692170975,0.2452317578160072,-0.15721242609462815,-1.0111697587529067,0.1833386666453811,0.05536560298815812,-0.26911477571159137,0.18098288028884948,0.15271947322066332,-0.08092606699172605,0.12019971114217055,-0.11821136125527086,-0.14439294653014006,0.041263379127739266,-0.04618393495759834,0.039222501886297514,0.1545656674929644,0.08420228894511031,2025-09-02 20:14:00,A,1756844040,1min
-0.6596133286342376,-1.3500433393520521,-3.2519130055244903,2.975564505139607,-1.9533693992730523,1.2838925031848922,-1.2390715594624702,0.30691965464874066,0.68251800847186,-0.5004580085757585,-1.3921818147325873,0.15772870457522697,1.574993675071848,-0.3953661739779485,-0.4340261221539769,-1.3264219076030719,0.43857127853847006,-0.0936550603265569,-0.9051752153635585,-0.1299853841198038,-0.04603547581527473,0.3126065776991039,0.4107797122287528,0.4418712790128836,-0.2251213038936481,0.15385417664946732,-0.4465856825914025,-0.4276599959328636,0.21002655325019476,0.023279689616027943,0.039063932923589235,-0.021817664578679865,2025-09-02 20:15:00,A,1756844100,1min
-2.7784238869477726,-1.7287125237219079,-0.7867267237748713,1.2518970564770082,0.05033761738553331,0.20408594787745057,0.8476124058886564,-2.0045707739826066,-0.6366941561459994,0.02534479754462856,-0.4241187217985551,0.2453229748670738,1.4577634161562483,-0.2969830283049639,0.7171608026814708,-1.2672738002237605,-0.19263272289637348,0.29149878515990324,-0.5568163176141075,-0.0041023137190000685,0.14780708602313547,0.2252986204054348,0.0428148410301804,0.4281164572240858,0.060872091039260466,0.06902515798413428,0.05220233513692503,-0.03068462947858078,0.3466201643614736,-0.019196383392410244,0.009906033297455088,-0.2949616881003143,2025-09-02 20:16:00,A,1756844160,1min
-4.102145844806224,-1.285759624004184,0.2453199942780787,0.31949841030976545,-0.3102777786059299,-1.2117903962217218,0.33474704980419207,-0.7448572834439193,-1.0797738854258003,0.2916172701877922,0.1468908514652337,0.21441478471448516,0.8964911272447046,-1.4300880437987638,1.1401576899986525,0.38383720861519366,-0.6936492773115683,-0.26891420913617325,0.1231205604578225,-0.18169027480519737,-0.6136541549761829,-0.20960903264561895,0.04390080427771604,-0.2550310372101903,-0.2421083167762254,0.013815304402591528,-0.05832784041246979,-0.024147094495356635,0.2094710492256396,-0.0025329733192048444,-0.06583029181144487,-0.0844533312646227,2025-09-02 20:17:00,A,1756844220,1min
-5.553444343829229,-2.0115892225927983,1.3032526907549828,-0.6856483294889855,0.47884073639385116,-0.20681586925229994,-0.2780002398249853,-0.6684378350782573,-0.27132460046239804,-0.3877713857633882,-0.5382871399061174,0.29941762827190666,2.184986925127404,-0.17434040943455695,0.42349920112502365,0.47654784682664225,0.6682817276013526,-0.15622053934067018,0.3377057142449663,0.6794669385954687,0.17779723354773488,-0.06444623104640453,0.04529549702223375,-0.01514876939130781,0.08292771552432113,-0.09388228914125683,0.11478693244792047,-0.12804250820441443,0.009603508667226274,0.03324028201262569,0.018720523273195646,-0.06287262527820173,2025-09-02 20:18:00,A,1756844280,1min
6.834102048398217,-5.473477680082789,2.5304460058113167,0.5803322001441128,0.7199707708058026,-1.3962859582159721,-0.027568430914055756,0.4110241178267482,2.062217228089855,0.8103214498259704,-1.1853457534850207,0.07614226578063767,1.1406572129070904,-0.06251973547740242,0.539246092025984,0.18052096333011478,0.3527407546733131,-0.07862021395528908,0.3464658204979635,0.5782889973909588,-0.09988807814448773,-0.25124693166537215,-0.4146441755938169,0.0679093461484733,-0.07879389144570006,0.257986377676338,-0.12745385127939748,-0.1251191160035855,-0.15447941045443356,0.1913252355661695,0.014698616323922511,0.043577861179029696,2025-09-02 20:19:00,A,1756844340,1min
2.350323573242234,0.1974705409551038,-5.218710885056979,-2.637858778778161,1.9177321917143797,0.18518823503126025,0.18466836341691015,-0.31403356471188376,0.6120445161899174,0.3256565722087813,-0.7424562843190081,-0.1143535568488047,1.5776512169795895,0.0776216305260679,-0.05313186835181887,-0.8233979966290739,-0.1059533653504833,-0.25294524645314476,-1.0791751013381028,0.0390624226430964,0.3014385736533686,0.2764767068092854,-0.4097057174659511,0.07875939886123606,-0.007219815303571156,-0.2628973864836761,0.2464456213180878,-0.1893739448972986,-0.041167916029219855,0.053852780745545226,-0.09858683801757834,-0.00030632525566865777,2025-09-02 20:20:00,A,1756844400,1min
0.15373844512632048,-0.037573947519165846,-3.5187731746748416,1.9194541131029428,-1.2094633033660276,0.21158669331743155,-1.7194234180512245,0.7967741763875719,0.8046497469345244,-0.6493491342240071,-0.7008939998240321,-0.4772213448326049,1.7153415888089414,-0.2053366517553675,0.4960367353419524,0.39426120283475513,-0.18523684593527315,-0.2352027241052674,-0.19370056748904108,0.7712435612516743,-0.32902590252916203,0.21304203905358424,-0.4166712321132607,-0.0012117800745374437,0.11465226566288941,-0.35222814042000183,0.08962558381481188,0.2027192004131138,-0.11134520387703903,-0.10295731435062823,0.08064802113315352,-0.11584500161468028,2025-09-02 20:21:00,A,1756844460,1min
-2.4635938321916466,-0.9462714423994653,-0.8989317934674169,0.22746068030903346,-1.091653374044875,-0.5867252753893563,0.7702133633194491,-0.5462990428682,0.2491294832642353,0.179541935259529,-0.11402423839956406,0.004254645669288115,0.854511600347726,-0.3671622800397186,1.0642437742375912,-0.3150747678508531,-0.5852985232861223,-0.42496522864473146,-0.395800823225324,-0.16225160504417707,-0.2109479401069487,-0.0710773544962284,0.43938652385783855,0.3715756707052059,0.6604128445974576,0.12716287366948634,-0.20703453092730406,-0.0907305546545935,0.20783432317179326,-0.018119140654778276,0.07438880431961224,0.11302026382280689,2025-09-02 20:22:00,A,1756844520,1min
-3.373771289856785,-1.596084425845045,-0.3810852159408321,-0.1937963818778269,-0.905895227864641,-1.0942247847478006,0.9079121541919711,-0.6706405312195456,-0.13534792287966063,0.06619666138862955,-0.0468091761825989,0.0548468791045352,1.2750730103463037,-0.12499673330632298,0.7857780504163033,-0.3135556620589868,-0.2951410949776879,-0.08025307394846545,-0.35210014187149624,0.5206247867259899,-0.2980099610313376,-0.03996554543141835,0.004312169015937573,0.049250388357591504,-0.024954985899542904,0.052423457519593916,-0.03406356402612985,-0.06285556300097545,0.08700646220281182,0.09303145176883204,-0.02994556165022317,-0.036956391996993604,2025-09-02 20:23:00,A,1756844580,1min
-4.866359701446072,-1.375556363102527,1.2957576872001697,-0.9120643385784064,-0.17630106794759615,-0.42920717083182636,-0.23455359511434432,-0.23453375927736098,-0.45535001245112877,0.3919852833642253,0.8370895609832812,-0.3816494802417965,1.2246014534778535,-0.9606389247494046,0.7676887099805539,1.3768239476307726,-0.1442817311572486,-0.8285461788445371,0.09222160060644154,-0.29577560467152775,-0.076564122802716,-0.22706497936884357,0.5445126184715293,-0.19501850748012675,0.22915532096728472,-0.09210434473417002,-0.1144607524344588,0.016784915206747394,-0.0016288869322145826,-0.0978732752734791,0.027213890381919854,0.08857201607336128,2025-09-02 20:24:00,A,1756844640,1min
-0.06292590055600855,-4.77248453637786,1.9053618451520178,1.8002445497807364,1.367802074783774,1.1242014079446616,0.9889925164643089,-0.7128705884969899,2.6816893432026694,1.7217345627759084,-0.0648196083936964,-0.5762879854938184,1.3705204723185915,-0.38616983432558644,1.3526896529866423,-1.3100862943063485,0.976428950944177,1.6122411835859534,0.2698003967507268,-0.4120787773162019,0.9526299061940846,-0.5384108203494103,0.15084038352557133,-0.3905110986395512,-0.036490986226120244,-0.09716368832652648,0.6851348283179285,0.17554490889796806,-0.4142560484268595,-0.5525347770535209,0.21057037209132548,0.37734035194737886,2025-09-02 20:25:00,A,1756844700,1min
6.893432938460449,-2.62622072496067,-0.2614932626364247,-1.5120361886191958,1.067828937663606,-1.3764421259812023,-0.7108490902119114,0.904776525404247,-0.9626534871335737,0.9846149578182274,0.7884968433230012,-0.843512534965751,1.2891548102801882,-1.259406780650923,-0.5991369942678424,1.764781550662014,-0.7533766108681096,0.9300578465651612,-0.9910765975553391,0.4087347621391809,0.6299693184019176,-0.03525648388955418,-0.5894411967754051,0.0423516157363298,0.030711595962648695,0.03258952871552548,-0.184290782131268,0.25660366970451576,0.23771082812155897,0.12633977166225882,-0.12284601037849037,0.301394774462258,2025-09-02 20:26:00,A,1756844760,1min
0.5395627145547273,0.06164596855118503,-5.338038623467244,-0.10115301487932027,1.7216252940867613,0.32012570550501374,-0.8023562515371977,0.6807038276878593,0.19583560911151027,1.2827891926411883,0.9986828753447892,-0.8996481994494923,1.3151718625676574,-1.0496198508573058,-0.8041679195698936,-0.5759200694104577,0.2870402977335845,-0.26485796474723505,0.463237114521575,0.3613584213999334,-0.8891510503644873,0.3873292698656558,-0.39137278425659766,0.2128262884204212,0.005310872258936748,-0.1211254712467366,0.020361059759434204,0.45428406011088984,-0.18273975565078024,0.01695680530460722,0.1219398340332854,0.020875124948315747,2025-09-02 20:27:00,A,1756844820,1min
-1.570477425052418,-0.8998522792373095,-2.3589797732178366,2.1659943465087372,-1.362863118624523,-0.11897397611216923,-0.829650612581947,0.9012051940267385,-0.3484753195728519,0.9416315927856407,1.0708395457526143,-0.8948835661753335,1.0506342341200081,-1.2931748234861815,-0.5622979237863438,0.06708044297890232,-0.4085555985870968,-0.22482962774057527,0.6052554843289898,0.5025728619086932,0.11064444115505134,-0.24234273791742017,0.24302593434458097,-0.1624232385954419,0.0387814355686714,0.014206801724506132,-0.027665767650162855,-0.21334624560703,-0.04823963715376205,0.13457085196615706,0.0265401009588311,0.12640588653221377,2025-09-02 20:28:00,A,1756844880,1min
-3.098893443101368,-1.7115985883841198,-0.6105944793274077,0.18739090444446244,-0.46710491878693766,-0.9749430992039377,0.6306307955370026,-0.23155625978496572,-0.6818279285636579,0.44837826207868164,0.9518321307291671,-0.6202332097872371,0.9020524408600091,-0.4176470072318592,0.16780839768957148,-1.1781541217996427,-0.2354797412974947,0.13853248759436793,-0.6551164835721126,0.001870778498951369,-0.18163713383404476,0.270150855625808,0.12715789707304945,0.0748526296496667,0.26949574235965196,0.027792282048407665,0.06089232685455117,0.01757080778050545,0.2698990275466318,-0.030455761311818756,0.023200602225861178,-0.024547452681408104,2025-09-02 20:29:00,A,1756844940,1min
-4.460103486496303,-1.7236593973411518,0.41504790579035133,-0.11511566546437703,-0.04448904470517498,-0.9870241705291714,0.11503280963455167,0.01571599248770755,-1.232134459070796,0.8506827054457277,1.7343308234731756,-0.8143615000180199,0.7246070075566815,-1.1903891725458762,0.06009527389320104,-0.10732102129000855,-0.1755725900062761,-0.28568250294269243,-0.08729242921963608,-0.39095887048295697,-0.36797402474239516,0.0715662506601445,0.29154657219525654,-0.07692635729763136,-0.01239067762176405,0.009531591905050964,-0.09776445152218409,0.1415274850364646,0.028268128038515666,-0.11501014170145185,-0.055080996034087705,-0.05063407586941866,2025-09-02 20:30:00,A,1756845000,1min
-5.794351184425205,-2.220402530981179,1.6036874597975403,-1.1087441572935697,0.5988877918332012,-0.059763835356019424,-0.48272744106482046,0.8666303933670466,-0.9114564682787192,0.7083145645890051,1.3089528938975887,-0.6982406419765675,1.1919071204309024,-0.7603117705323401,-1.1861966203913445,0.028549515527382538,0.29072546642336294,-0.6110338007533047,-0.4426295633078596,-0.5317600599715605,-0.11272043887009144,0.04350918068486407,0.1557116408015133,0.0412493810086063,0.31142141649455074,0.27485182239407224,0.25034799318529416,0.05141702011353305,-0.22551888415903892,0.1599632202354591,-0.026997110885840146,-0.01339610948298319,2025-09-02 20:31:00,A,1756845060,1min
8.299119242263938,-5.306953121116385,3.2805907286001688,0.9916854755987679,1.2932717009018904,-0.8822321264564286,-0.2836918808007239,1.0823831140390732,0.304612580850273,1.3636138319405353,1.28585747556329,-1.1865624516656699,0.03534998778768537,-0.8444606094939259,0.04038125322953186,0.5122467576085652,-0.2170417268132642,-0.5845690174623558,-0.14004442782704102,-0.45078965693743456,-0.22951120216198853,0.21133469740040864,0.06398354422686874,0.0830077163904283,0.13010778608293194,0.3068712756451223,-0.05453681777436201,0.21444066869637424,0.026840069677660373,-0.05759839529947793,-0.13296965147815903,0.03795956303979932,2025-09-02 20:32:00,A,1756845120,1min
1.637645356719841,0.4057497558018455,-5.376580479889612,-1.5810462552156501,2.915481036369729,0.5859584393595499,0.17255226054861983,0.12959621655371806,-0.3635296481800945,1.3934234173159115,1.6348441356175831,-1.2353281510501952,0.4174474433454199,-0.7204882955281747,-0.6508193420294778,-0.5040323639706198,-0.2534941642321602,-0.5282039945150121,-0.40033569685808834,-0.2289542788216252,0.021735225057708044,0.29491033626783947,-0.11166555248503283,-0.04233251674154033,-0.027172710003888958,-0.2191467108951637,0.1318718565972651,0.15984075266218306,-0.1272337437922911,0.06027713334922775,0.024226843273243367,-0.14153717644566002,2025-09-02 20:33:00,A,1756845180,1min
-0.5537078291774189,-0.7036865622209305,-3.0921964020289385,2.6806455202468427,-1.5647484012458068,1.2325040377631793,-0.9708126261824923,1.1190676122760508,0.6918514218829402,-0.7583559573238641,0.3648392235718868,-1.0270326430607049,0.8020233719401326,0.28490681459717554,0.40021461129430747,-0.1762221881153602,0.33685014804774716,0.1407638049662809,-0.4625403329278355,0.5929705348735685,-0.10005001204471989,-0.030157608122827338,0.23209555868170756,-0.06706820856537692,-0.15595493350548356,-0.0413860071995562,-0.1335617764620938,-0.06448759534716991,-0.07608543275590936,0.0007992094289755766,0.12226451424892211,-0.10698756866193146,2025-09-02 20:34:00,A,1756845240,1min
-3.0184896022333447,-2.0986193624636678,-1.2635673738282442,-2.4516926628613,-3.5047331939831436,0.37091129275274576,1.829588167413,1.5029418603031304,0.7657425916719538,0.33025510271909886,0.4329463009691708,0.07012243203698318,-0.7258807882460396,-0.6170161673201014,1.1809255076063918,-0.058337853237909396,-0.02670494836701403,-0.34724189929685434,0.020745489312058215,-0.23716861988912905,0.09288715212493244,0.29732567620648054,0.2645044328040958,0.13147892092260272,0.5356266276089747,-0.0036167037834034864,-0.24106638178134904,0.14817087815800423,0.10485938162471135,0.06105057470582101,0.061679663899355495,0.0641274425038344,2025-09-02 20:35:00,A,1756845300,1min
-3.9512796494036486,-3.500949493076863,-0.8121537790680811,-4.360866097737358,-4.979415374895585,0.8516038802477959,2.472372783530814,2.4152615483810465,0.8701650530287907,0.5511475449616792,0.1710033238709353,0.6202978929711521,-0.8891912259468107,-1.0953394657764977,1.0986399810073013,0.06853326874286293,0.3868698327916571,-0.06521233906436107,0.23868553801768758,-0.23167332635841945,0.07949466046746369,0.36114867906681913,-0.2932338305817312,-0.07557705343472329,-0.27253775705603484,0.03852906772697795,-0.06977517484359773,0.032727314411547574,-0.018241478646807287,0.08916992144088459,-0.10098865104254315,-0.1008979439145499,2025-09-02 20:36:00,A,1756845360,1min
-5.282631181812463,-5.286893791570728,-0.1263285343936174,-7.498697055162695,-6.198926147170794,2.585099845011288,2.084696501670973,3.9141103336715335,1.6709980280794452,0.7311370507539998,-0.30217307447678676,1.0361225336644668,-0.6479046615374037,-1.4542844398466375,0.24910523033847473,0.4417346544913533,1.6659872414385097,-0.24942481840323186,0.4158530937144629,-0.509969358289158,0.6443206471332442,1.149189762028046,-0.28647238298584776,0.058233307959232136,-0.13544083762677414,-0.1265445088996261,-0.08357323309649715,-0.13790769007880457,-0.06838488937912604,0.10359853618941839,-0.17770948067952422,-0.08326572015355084,2025-09-02 20:37:00,A,1756845420,1min
5.0724578268291,-6.3405859301632175,2.9467167897106417,0.46390162721980827,1.5073251968294945,-1.1203450984765402,-0.5382362453015279,1.34930175723647,1.3234308963478933,1.7693099211389334,1.100421620269008,-1.5099359276170532,-0.803514693762327,-1.0978722149647877,0.017724961974696828,0.007053319588928156,-0.052259206608581674,0.8325089273262996,-0.8573755809067592,-0.5531647358930235,0.022104049972665293,-0.12681979228574267,0.13241384770837736,-0.7674452196727077,-0.357860696335097,0.207970684433295,0.25055197464982454,-0.06314757722978497,0.15351003906113167,0.20066050936047772,0.23674424506572042,-0.06785857738224582,2025-09-02 20:38:00,A,1756845480,1min
3.543019963487985,-0.8772407149978354,-3.954508103580153,-3.8007423616584997,1.019945365845007,0.8788263355746334,0.3222509877631916,0.8434467216592844,0.768060209028895,0.12788414788497363,0.24275565285491757,-0.750410772078945,-0.42995986880278453,0.3038744663352655,0.2644627398744107,1.2129106103623284,-0.660531830372794,0.38825172025029403,-0.7741250428289617,1.2352715365572078,-0.14516493135164743,-0.1203208176191636,-0.19476902160881654,-0.01869779138919862,-0.09705592650770331,-0.26547399956453344,0.5316067303623895,-0.17534770027875748,0.19286984490168027,0.06295817170877135,-0.16393112519445002,0.19074754048066056,2025-09-02 20:39:00,A,1756845540,1min
-0.06016113711944121,-0.5495376852555747,-3.554364277789434,0.7208139707573135,-1.0890829298269826,1.0676708091215636,-1.061744250559841,1.7804094053894117,1.2373988673908685,-0.6491388508129424,0.10883093505111499,-1.0380095259940634,-0.6160041882434454,0.10893227748653402,0.5581513050909406,0.4121604132376618,-0.15946317339957367,-0.06726609280522634,-0.583427772086024,0.6625458172891899,-0.5692829679025861,0.16020097241848397,0.1521167939181586,-0.23781667057462322,0.36659424897433585,-0.3150812193268581,0.2743725361604744,0.3735626505891628,0.23676034926246073,-0.13223817855557898,0.2609164647161393,-0.08179272738147976,2025-09-02 20:40:00,A,1756845600,1min
-2.1432336684039726,-2.1206414040320247,-1.4524804559098772,-0.8657000955014051,-2.079920867974402,0.17460459418534507,0.7897092898631939,0.9068279447235748,0.8053518847987798,0.05911980482683441,0.06128458778830129,-0.37328899948603916,-0.8560984970907721,0.23116470478697732,0.016958591953470867,-0.4634923294714038,-0.17633459704762003,0.39256438707901675,-0.12131427529610994,1.031754773469074,0.0745300135607803,0.0178021333248927,0.2122791385762539,0.13210573833773148,0.36409405300640174,-0.03015770083933669,0.1424728216374615,-0.10502975210181341,0.20793137730180009,-0.019606923422186395,0.08263062155983944,0.2688371495148835,2025-09-02 20:41:00,A,1756845660,1min
-3.42978957430433,-2.622800188358001,-0.5200833520973649,-1.5450822570466511,-1.5755589617055803,-0.3752435097984368,0.8461574073452539,0.9089253205466066,-0.034531188913017465,0.5625876616390698,0.5969423830731575,-0.3978807079085522,-1.1226722100891933,-0.45364696255285714,-0.41140586400066,-0.9952020832038428,-0.18834434231701386,0.3918934447346818,-0.4964380001138361,0.1281205036697721,-0.31388136565815306,0.020073128777651383,-0.16619368543749716,-0.07870749255487336,-0.07392906096312434,-0.022661410076086762,0.12137105075978608,0.10331837311181949,0.18479507619682772,-0.21481551219510747,-0.08551687580655305,0.06771122220977019,2025-09-02 20:42:00,A,1756845720,1min
-4.752397713070258,-2.731613662996289,0.7112498353058898,-2.088862944267467,-1.1177447702045138,0.5470553711514731,0.3565392867151859,0.5387035857944565,0.19206883256080384,-0.3885634239346767,0.3166698675388019,-0.3582382004103597,-0.5863392347865951,0.17742631154495117,0.2571753131533372,0.21366664654746773,0.5570717879466679,0.23062518882226468,-0.22793982972769372,0.7012864391117674,0.10472407627109315,0.2121161792017949,0.46378517906202954,-0.06939672493672822,-0.06377785492263059,-0.15797973943842586,-0.04588579563729283,-0.14249750171320288,0.0749086491873255,-0.3273231275339612,0.058066703572257454,0.0075852474967289096,2025-09-02 20:43:00,A,1756845780,1min
-6.378072638143355,-2.6210608926192687,1.871086872803308,-1.4214108299602919,0.7972667264007398,0.735669119412672,-2.407555849737863,2.224365972966861,-2.0481335325559633,3.8010440541745663,1.3611623731305902,2.285502652122835,-0.8480164847091239,1.976382172877554,0.3487289910806545,0.608461263510719,0.02180797623212546,-0.00544878395527227,-0.07573777111183098,0.46576371337178407,0.12019364325718819,-0.5099814120563977,0.02662212449511499,-0.22182977410535018,-0.08052890236689404,0.18856529317228804,0.4171783890799538,0.04530801342750105,-0.08007138291365351,0.0687728540433344,0.02614976624880892,-0.11335659997802763,2025-09-02 20:44:00,A,1756845840,1min
9.268059011708548,-5.680935293730148,3.4650387688692095,0.7037330446387714,1.8047802727121771,-1.400323401485695,-1.3261406182340216,1.0782158591191016,-1.1777984231323675,-0.1451116072257432,1.1690140756679281,-1.2786842410036285,-0.8601573738288104,-0.4832455240426939,0.11831873898648507,-0.14338890624859904,0.38066980493490754,-0.5799622616095991,0.41704212159683857,-0.06324493163738389,0.1743501153821696,0.36125119744329903,-0.3380802542565461,0.14184419633489823,-0.24455995634914404,0.1814581659170517,0.15980816520467456,-0.021959271480816882,0.16690858901298733,-0.14186520339216813,-0.002067184238630485,-0.12397251254724846,2025-09-02 20:45:00,A,1756845900,1min
0.9540663427353826,0.7010787514425861,-5.911393576338934,-1.924744564340709,2.936037434407492,1.1143341767896997,0.5934974212148456,-0.23149410406696033,0.6315916903008909,-0.08327400549781185,0.2867986616815525,-0.5736158576442559,-1.0918034599257538,0.47797191503646297,0.37451299290059065,-0.5815682050228681,0.6305558422410038,-0.4311705488184598,-0.12302489847662956,0.41234285150123046,-0.22020595885135516,0.028442996112703966,0.22088320692391927,0.18528363875638976,-0.013305297205311784,0.0718483381648555,-0.10420072170260103,0.0512504378088354,-0.0681850092293702,0.18760264386329217,0.2761318671919798,-0.05007065083546072,2025-09-02 20:46:00,A,1756845960,1min
-0.9686647898556133,-0.042552567254933955,-2.8899625392029793,2.4986721978246873,-1.8498594359977911,0.721450980524538,-1.6649314486025355,1.3024798672210716,0.36155826216876524,-1.367811872187743,-0.16536400780800942,-0.849893687513922,-0.970057513036184,0.1154183418492112,0.4690256552180917,0.6739735971775355,-0.004001918243956722,-0.16618898754034922,-0.0760614282592417,0.7886447318781475,0.2537875557101056,-0.6626464436582107,0.22178719096771796,-0.5313342970775192,-0.2405329435795995,-0.1724928955953126,-0.09578175260132864,-0.1272534081983791,-0.07322920061423102,0.07875218881047255,0.10776770626547985,0.0006362263381123216,2025-09-02 20:47:00,A,1756846020,1min
-2.9328734455399936,-1.5436641948387726,-0.6378243860209506,0.3715378475920706,-0.6174167346693843,-0.43565319008705555,0.3192439756750513,-0.5787214809138531,-0.9567997416928791,0.03573704261590579,0.8327071379502479,-0.4921790236044952,-1.3980418147978546,-0.5082468264403168,0.3957172162981131,0.04935548850246847,-0.28031874940761337,0.19606997752265282,0.6471147707328739,0.6928298299362444,0.14420422259131246,-0.3590520006702363,0.09314797493402122,0.3207606771409548,0.14671939225514405,0.04470712751196168,-0.056894514197205,-0.06576367350925494,-0.1064116716009577,0.0687436864784284,0.11118287420261633,-0.0606166665798909,2025-09-02 20:48:00,A,1756846080,1min
-4.057651167211803,-1.4190065928744986,0.3287281208822157,0.09895321219730015,-0.2045142606424511,-0.610151311161206,0.7596609222691422,-0.7928700344465512,-0.9267835504317194,-0.7974086783387975,0.2887158513723847,-0.2045166846071566,-1.3538053476960656,0.17574098720339304,0.8895990237614625,-0.34516655353112885,0.06502486035084698,0.17389295079405956,-0.5832559567995778,0.3026543248419779,-0.25257230653962864,-0.292301185924914,0.024626866121857716,-0.18313973473780967,-0.16832094213820542,0.12386629228827917,-0.040884421959620276,0.1660704761495094,-0.010907729905294622,-0.04297725104236135,-0.05586971336358429,-0.06295071496880969,2025-09-02 20:49:00,A,1756846140,1min
-5.611101880959797,-1.6536434768521935,1.7288340074334394,-0.5355082463309038,0.9539239100719231,0.17081848796143353,-0.5841870190824263,-0.4849307127125102,-0.7274946520181426,-1.1897854825802094,0.05914889382956409,-0.3588863832191004,-0.6385606299706176,0.49310353904134,0.14305905620898557,0.22093247549729556,0.7996239229822452,-0.2871973028794837,-0.7133113873545973,0.21353425733475334,0.15957931723357682,-0.05921835685758848,0.41959842651062623,-0.0980647421115096,0.3231647374588307,0.09119770133644285,0.0011554244829462138,0.05333144358527572,-0.15671239895574157,0.06306761198353907,0.044848126843018296,-0.06900049744706019,2025-09-02 20:50:00,A,1756846200,1min
7.4228251507714935,-5.040851643004686,3.33997383284954,1.4189367891416318,1.5221505858380837,0.0011958904491436724,-0.3119010068132465,-0.5389735260608318,2.158374332363911,-1.0527443934168843,1.5177985470957642,1.6263929028680448,-1.708564276394389,-0.40688272951738796,0.5035466148868194,0.3716138771153682,0.011377100988104478,0.03663675963859679,-0.5564512713150098,0.4452180009949598,0.3912838262182099,-0.18476457429210189,0.06579749829456999,-0.026299719234789534,0.08718499308001715,0.24769269211154504,-0.132884868836673,0.20685013995457538,-0.21556078771172998,0.12163285270969904,-0.04234509825591772,-0.2221557214884085,2025-09-02 20:51:00,A,1756846260,1min
2.492771449085346,0.03583703312758082,-5.105035308518868,-1.4521713090427606,3.1315684356928406,0.3112499353197636,-0.7327217953439404,-0.31621661414636,-1.1270710180172052,0.6487001663866271,0.5928178707687545,-0.8327870805048454,-1.0804862007812266,-0.8616355445667463,-1.17622639204242,-0.7956876954864013,0.029892777846980537,0.06290812445021968,-0.32364912241243715,0.14937563962797665,0.5827729806076165,0.319765562230575,-0.38185550882004166,0.25902378746554433,-0.11446343766877376,-0.16144786407261405,-0.006505949322659409,-0.0923940861011096,-0.22511148535271752,-0.15705370439139602,-0.06793225036977894,-0.21010906324461184,2025-09-02 20:52:00,A,1756846320,1min
-0.39958892425443787,-0.18170632964863617,-3.6448866995720315,2.351710096376313,-0.5953558953529787,0.5311873013416695,-2.4636777314734717,1.0270783585058765,-0.6924808604680807,-0.14518879179631544,0.29572843492857653,-0.9051533591372329,-1.1542654943490047,-1.3743262751642826,-0.7886087258374794,-0.380189349770617,0.11833259462278804,-0.0623866895220477,0.3168559915848874,0.10380526724488576,0.0057941037672802785,-0.034785845085479355,-0.2355347305359187,0.10566234014097249,0.013155762270810127,-0.2151334224404766,-0.21384883969004803,0.10723398324607562,-0.28395830147347845,-0.11951819088275278,0.07542158433363395,-0.09577822768517583,2025-09-02 20:53:00,A,1756846380,1min
-2.3054268493798036,-0.9371821502728703,-0.6475650990000172,1.2213838408283935,-0.25014137562077854,0.10081781063878269,0.05904566039607567,-1.0960442021222006,-1.2498004191168508,-0.04217984324882443,0.39048109780264245,-0.3179825933567278,-1.5899167368477753,-0.910197571241496,0.5080072831385107,-0.21169659303424757,-0.3533702222284832,0.012096069169198292,0.08530456085180288,0.19054665794193576,0.334961521779842,-0.099136528304931,0.35122480293000957,0.18504581320357671,0.3821027248947873,0.04018049656693621,-0.09241075166483899,0.01130674655132581,-0.07785469297726492,-0.04198456870250512,0.011004283868366766,0.025631110999108444,2025-09-02 20:54:00,A,1756846440,1min
-3.6040023768624665,-1.4174535701694515,-0.1382146149854613,-0.017618248190778396,-0.43474218699484857,-0.6699528409283867,0.4272336207577084,-0.9929034656787605,-0.751608984205865,-0.6400872651828049,-0.41163181801533183,0.1644700687166268,-1.3059715926074984,-0.17802188132749389,0.7103786424124185,-0.528689435279323,0.14773622358639474,0.20879480672553133,-0.12251015643949899,0.6546164577458672,-0.06919978781676349,-0.3701227621921779,-0.13318224962088013,0.1318592308014283,-0.11390117440567689,0.038590325199265474,-0.19078604904820667,-0.02712942670179191,-0.09773583737928526,-0.013270494090148438,-0.04241862647577459,-0.029109470985235125,2025-09-02 20:55:00,A,1756846500,1min
-4.955742318340402,-1.4334747911688768,1.340328374176184,-0.4372254718981681,0.5016484980010374,-0.09829918228972101,-0.6581971486131876,-1.1016182294741925,-0.6328794908917283,-0.9071755375999792,-0.3124219970465493,-0.09109936718755328,-0.7645387564454347,-0.08316534153029094,0.6210457157728652,0.25918945338951865,0.8484132848475524,-0.18904209322787557,-0.27010289129992376,0.2893505990374154,0.4288303585469263,-0.322153858208165,0.20599779950593008,-0.17605161564857855,0.1547575614754606,-0.15947285476920714,-0.148373361676057,0.10566285012164986,-0.04094214499816612,-0.16069928972112527,-0.05968512672603832,0.016967773789372788,2025-09-02 20:56:00,A,1756846560,1min
-7.5412258513876385,-1.349987613134557,3.1450171810432836,-0.11986119982331249,2.362408375285742,1.3663913863745731,-0.31611211053521254,0.7018043092272742,-0.636239762997443,-1.1368565608035224,-1.209420736559578,0.523323011585536,-0.3948985623969305,-0.27832342785432984,0.05513215101418102,0.14788424564874686,0.38953931422156735,-0.2895257224565679,-0.3078375576191452,0.35617174036041516,0.03875691547603671,-0.24753117515954098,-0.025287024661874716,-0.06449993204812196,0.4084067390638692,0.2528958598391904,0.16955070994708252,0.18650617497400437,-0.25924475488573456,0.07003267057058764,-0.03694771959070053,-0.17203178800188534,2025-09-02 20:57:00,A,1756846620,1min
9.878935220077592,-5.413057059036317,3.500472442567355,-0.8039799551252523,0.04264817987364215,-0.5876226263475163,-1.1550715079525562,0.09545887746783027,-0.41962659495891835,-1.1615105103267531,-1.1420995216443732,-0.04430624935630943,-1.0219434024770728,0.38040924855216757,0.5076814244025326,-0.7028635678774824,0.02095783476798172,-1.7919378141825058,0.14588099694895962,0.48947560756471414,-0.06888516994668638,-0.06637527092895375,-0.27067320512029824,0.40151383620774717,-0.23226634098115875,0.24923875825174321,0.20230841067368216,-0.2970559996942251,-0.1263355971536067,-0.25656908726252226,-0.12087568541514968,0.20159599899827713,2025-09-02 20:58:00,A,1756846680,1min
1.2355691190177946,1.4414010205649181,-5.067016938578644,-1.7883023337820447,3.153003570887366,1.3493568697344387,0.21604120887506809,-1.1387543498353752,0.49952555544351995,0.15376950604177525,-0.5808915003706921,0.0232907427000495,-1.4295480286384794,-0.5031502458402344,1.0177439852157937,0.16189291531998587,0.2780166595947986,-0.8795482451601127,-0.2209652472407835,-0.17514369317886333,-0.22728340969666208,-0.6345746172254061,-0.3230159310380017,-0.14162350268425278,-0.04085064083949245,0.0500066622826109,-0.006728432035977709,0.12682302712732918,-0.13821859848702503,0.028908847517693913,0.12517286724523347,0.1039767717110768,2025-09-02 20:59:00,A,1756846740,1min
-1.161805505351397,-0.26298529834418555,-2.7807131863008405,3.2529554869522537,-1.066377614022644,0.5734418766271593,-2.6651583799157956,0.7720703854016766,-0.7383564228463277,-0.028546627029443022,-0.3494588580964286,-0.5452115406415012,-0.8742946161820999,-1.8777059446725222,-0.9551264941378472,-0.8449132644945252,0.12305755610279479,-0.35939639949339547,-0.41577663411865456,-0.28040222343415167,0.060975938021675606,-0.4662535933414051,0.31773550240454296,-0.09241233500159013,-0.27735359168928964,0.007334013602909191,-0.3206911931444327,-0.38330838526085137,0.0685219736200506,-0.025961289533665683,-0.02070573780155312,0.1758795924451005,2025-09-02 21:00:00,A,1756846800,1min
-2.9467387280662196,-1.600178076101224,-0.7602385411232689,0.38218393847762766,0.019768354543912244,-1.0682274390501527,-0.684388319708704,-0.8364657614475144,-1.3834823341258333,0.7739633345868973,-0.14244775239890126,-0.0417946333346328,-0.8160730304930119,-1.5474084814652131,-1.0671154497912239,-1.7555474143216492,0.06484803285312295,0.1353066482088588,-0.15230830166844786,0.004091983419255153,0.19046809699414355,-0.3416154056778487,-0.5682694999557631,0.4027551547893351,0.06975138982417609,0.06528297313469092,0.04039614796739929,-0.11732372641486938,0.03070577864072055,-0.010460417976381491,-0.10915213782622307,0.11478104265707036,2025-09-02 21:01:00,A,1756846860,1min
-3.9043568216825366,-1.007714972756982,0.551005394635464,0.2909279187032569,-0.0812122296731601,-0.937943569012824,0.25264473324913156,-1.3285721002580777,-0.8768257516785448,-0.5348260947927078,-0.7956073830677743,0.46292777454692685,-0.8706332058381459,-0.6385506473674969,1.0115104959471493,-0.1546070453784572,0.02127158800902867,-0.16608261888174553,-0.429306408871531,0.5323684574654556,-0.3584117194449635,-0.6536038590037532,-0.2791288383780234,0.005739722837100424,-0.33150219786549007,0.20844980625198456,-0.12561604056295958,-0.05324505442363567,-0.11151936338595561,0.05364575897414427,-0.1330407757462065,0.060929770655187857,2025-09-02 21:02:00,A,1756846920,1min
-5.5138794541843925,-1.5785083381555027,1.6979963799072255,-0.4411196133643837,1.0220897960659172,0.12514634077986228,-1.0495429022352967,-0.8388858418517761,-1.0279775655278012,-0.09409294633616751,-0.5696373565372237,0.2012056225580908,-0.1183715703414058,-0.9853456780436777,-0.5421871535593668,-0.08139140816394128,0.5762212158663992,-0.6329973722205646,-0.509344860218678,0.10019802302397939,0.0906047709594037,-0.34736987258809454,0.09577733508003615,0.21510206092375664,0.19838275554757973,0.16916537286611633,-0.08105546691287058,-0.07320550611474354,-0.1751945893857184,0.02397916244974857,-0.16112996657715511,0.08830522523053265,2025-09-02 21:03:00,A,1756846980,1min
11.669483775131015,-0.9505111686173764,4.091167116862071,-3.0020087919912783,-1.7700897594693021,0.2436050334886975,-0.9668379769619088,0.46749537821977877,-1.4340174722866204,-0.8692435877216278,-1.7671840248040889,0.6517092758550157,-0.05497648635873104,-0.118460770921678,-0.8724653424425278,-0.6166903654781546,0.2269975422998948,1.0547537500043875,-0.23654823359879104,0.22152683784949992,-0.36566969778234626,-0.33403020274583123,0.2977016248754259,0.41164435333609684,0.09292501835970973,-0.34397651918758176,0.2146796792343691,0.5690120347574813,0.23253034228913724,0.7522555304407801,0.049202724873809486,0.27699630949196785,2025-09-02 21:04:00,BOTH,1756847040,1min
5.558623793629472,7.316875418586471,-2.67686982551983,-2.943870754519154,2.3453297232713464,0.4719195903851628,-0.5199707350022574,-0.3150309164348847,-0.9358578789209472,-0.4936389232622742,-1.0002752948281646,0.30628281303088284,-0.4705606431164529,-0.43624922623532214,0.32427184184609303,0.040078899919010744,0.4657226066511299,0.7008983631567073,0.4545998630577461,-0.5582371143577413,-0.25044363983817675,0.01755834796604697,0.024484107419829888,-0.22839654751835428,0.15531076135580069,0.12651382372551784,0.3796333767782671,-0.11543236139066496,0.5469681727983563,-0.1510215918594903,-0.06338592963175113,-0.1723999360532995,2025-09-02 21:05:00,B,1756847100,1min
2.610551168371932,6.456888025985194,-1.1275453522619907,2.5721814418782385,-1.4683757364208203,0.2636233440287251,-2.0762346744310314,0.6610080740907618,0.29184430371051345,-0.6785165595670268,-1.539644145890641,0.06038965550030865,-0.23295506913105238,-0.27934219988476144,-0.48614386707608154,0.17394007018382315,0.5772236266546945,0.452480533690736,0.9930985661718791,0.34310758979323136,0.09606763291200224,0.29434854521817255,-0.1986963893595991,-0.3832428875302793,0.12566416448513093,-0.031962040783257845,0.2639095974674581,0.004131057422482589,0.253593886048126,0.13500155499802616,-0.11980629955932935,0.08078028765069246,2025-09-02 21:06:00,B,1756847160,1min
1.0350543580541212,5.2692765153411525,1.4644236353603155,-0.27582644791860916,-1.9444203083255,-0.640393125137027,0.42911089350001047,-0.5868363107649233,1.3376294395821964,1.3735660192455907,-1.6943234651540098,0.5706957174891829,-1.661737990810789,-0.1755838357450428,-1.1495358347532794,0.016065190747567914,-1.299035966140712,-0.08770441337549173,0.1517916383455858,0.16788242068987297,-0.48713912237715346,0.38421380809890604,0.3672661414414899,0.030480474624399956,0.5428196458082819,0.3685804724779794,0.11888367214405102,-0.13034813578150004,-0.033068865861251906,-0.2331424840582412,0.2444233563910011,-0.09915920676130864,2025-09-02 21:07:00,B,1756847220,1min
0.9573190905773952,5.106083364962916,2.5705223769143797,-0.44879315397861,-1.3530912958561954,-1.6590335898809065,0.22061271635946797,-1.4622956878013786,-0.8614360410156553,0.18806093540838156,-1.0106703475812617,0.37759302806533684,-0.7296488432485715,-0.04545096898289093,-0.46978084895685723,0.3274343241213127,-0.5753574326485017,0.3219421411270688,-0.7093132199084181,0.02453117669157273,-0.14759083330076275,0.9419455580889137,-0.09210164837934931,-0.5131220322134911,-0.5230873840601583,-0.08120727930724,0.1394588092295675,-0.2110197730117851,-0.28812092687479723,-0.039029077515001,0.15781437467203724,0.10464143733845402,2025-09-02 21:08:00,B,1756847280,1min
-1.7672313891497473,4.884160221154253,3.4742921979443744,-0.3053590600853749,0.1533039538927363,-0.546771057071592,-1.0364405446609395,-1.9267075179183204,2.237806743698259,-1.1411184258540121,2.014389570592584,3.545726162672381,-0.3849790269427101,-0.9874407311749364,-1.0947618578149867,-0.09024484838711751,-0.005462079030455312,-0.19248109408445932,-0.2965035888639746,-0.09618317208921712,0.007312982390079628,0.3942358314157726,0.010424548436470693,-0.04347693170787824,-0.03252176981078146,-0.46266041969976657,-0.22238801435773103,0.15148394504727214,0.006149329820792182,-0.08039075396251084,0.0812224447196974,0.1696578347092736,2025-09-02 21:09:00,B,1756847340,1min
-3.412263145917157,4.118627433444393,4.4981188490904875,0.1096239770393555,0.40086428157297993,-0.22488402024690338,-0.49302691403775806,-1.0707439237627872,0.7093595131831699,0.6304486284801528,-1.1227239711849546,0.23431356496197506,-0.12132348850337285,0.10892464820156027,-0.8612739859358542,0.6815639271423312,0.1545319322558567,-0.7028015571302499,-0.2270500559944313,-0.40155703229222,0.19688415399912626,-0.09422007510400042,-0.05752670082776945,-0.1893344696814955,-0.1908681491449408,-0.17058326524142822,-0.027802249985789954,0.11108841599526782,0.28509140679368544,0.1963854884768689,0.09832626965799593,0.00841423359797079,2025-09-02 21:10:00,B,1756847400,1min
9.622641301502926,0.49601390906377874,5.094106198973471,-0.6255980774211961,-0.8943950476750822,0.0011442782137942862,-0.24246661755295285,-0.2851406749488405,0.878018869141666,0.8581312665788771,-1.546212665685503,0.24689095669790637,-0.4388576215777392,-0.1110771216324711,-0.37715360702052886,-0.5674799734401452,-0.6240647071396614,-0.49614428250014836,0.26617999711605245,-0.03867996982244009,-0.4727525893752381,-0.008967069799510093,1.0135735163436315,0.015123700885742724,0.017833078127858424,-0.47602850410112174,-0.04214749346860009,0.05364025015822741,-0.37067083031359693,0.5296064161826141,-0.39997838026393673,-0.2906973766026447,2025-09-02 21:11:00,B,1756847460,1min
7.740383478608327,7.645930641628794,-1.3172616524428222,-4.099717089307404,0.5388879323767527,0.11048797111595969,-0.3099972039860352,0.1842042228135028,-1.6178499151561387,-0.5171866592374446,-0.9880353946052118,0.4275905886987439,0.35017929640207607,-0.6221159609716651,0.17275877056031227,0.713570212818243,-0.1626901969107561,0.7909191029364717,-0.15653417542131925,-0.5530911325314007,0.32266044253397824,-0.055996700054967076,0.2549795053473661,-0.23132160674339164,0.21041417223152842,0.03825182614405922,-0.11711564424170579,0.031809530245691525,-0.17948527842392803,-0.6509046990073313,-0.08923015555046711,-0.22428934189664823,2025-09-02 21:12:00,B,1756847520,1min
3.332588223306606,7.368440467489233,-0.979555487822974,2.147309893622478,-1.0123670394326494,0.9029683352990557,-1.4194818941568863,0.26612722178612674,0.40768122803332507,-0.19409551405530037,-0.8448496926964197,-0.08997241091056511,0.01535080628027623,-0.6054050564353325,0.42495331652537915,0.4643728295551896,0.35892115312017575,-0.17859612046509876,0.34624776538887186,-0.8028888825141006,-0.38012627109902714,0.168428808915199,-0.06780088222954574,-0.2624655181543413,0.5233672103821017,0.23046334273577826,0.04332942642286845,0.36502721580056796,-0.09103515226077041,-0.1074603191838068,-0.24551445537665825,0.19706654933392678,2025-09-02 21:13:00,B,1756847580,1min
0.3657441154632557,5.146575506573398,0.8360447405084053,0.686590309720194,-1.5244291762885307,-0.4387912192541804,0.44246232096638793,-0.14842368787155388,1.7659030750494187,1.6009206163829104,-1.6014462136032463,0.4157973382823277,-0.2684709932936441,-0.15751564996705014,-1.1025992405211822,-0.661427720517913,-0.7092586868021363,0.26550766591727465,1.0180238446722454,1.0814163774554617,0.014260461507274757,0.3040775121041499,-0.26459748551336165,0.2148320284658849,0.3597817671977814,0.15015730736381613,0.04122261199547109,0.07348021101876256,-0.03805052372976696,-0.2561135229325324,-0.04385619895550718,-0.08270451124750604,2025-09-02 21:14:00,B,1756847640,1min
1.7858939272689416,4.992871595577291,2.62947341112572,-1.3084186706681826,-2.431752267629106,-1.6452105684200782,0.3245887908188886,-1.0300545415521587,-0.7384528744478804,0.44781322196224504,-0.7512892982942867,0.24416850252040886,0.0006209182142051623,-0.15763205420109389,-0.4622041830209695,0.3397393815816065,-0.6595051041710838,0.26399347974366816,-0.9163524569097943,0.1481386630048909,-0.05440530423103636,0.8527685442160314,0.022018819961092433,-0.47643403262330397,-0.5195516044400971,0.17232374077791962,0.19981783669957517,-0.38457454481481446,-0.3869434573101983,0.04776720038030125,0.4606780776152105,-0.057259675745174744,2025-09-02 21:15:00,B,1756847700,1min
-1.5220834953047055,5.3066362505977285,3.2675627176048536,-0.1336403602812371,0.17144478014026723,-0.8323307540559258,-0.28994135414232747,-1.5628112956088978,0.4064716848744195,0.6798349001122606,-0.1804320767202963,-0.1427928678476656,0.24868945252326377,-0.06438987950818977,0.2957799892695155,0.6831150426648083,0.5080602914465026,-0.27304889306747754,0.1273720801411402,-0.36661483964536173,-0.43659958641501057,0.296139751270796,-0.021508794261041585,0.11001344968028175,-0.07598443937461954,-0.2366839218711497,-0.26713987112469084,0.11830469916931116,-0.08739284605874333,-0.18604407961996772,0.09277656068694246,0.3981529007587767,2025-09-02 21:16:00,B,1756847760,1min
-2.984040422954742,4.585309035709365,4.183395917140476,0.25923125854479445,0.17963440632725727,-0.47677283494094785,-0.3873561535964121,-1.0302082598504794,0.5703634120532715,0.630355159682926,-0.4099435408279865,-0.1412920398115919,0.6196775624029774,0.1205495491473208,-0.3167399459238653,0.5337039659780243,0.5978937516961714,-0.6930348322427087,-0.1484460002377388,-0.3606632303151087,0.3768430094536082,0.017228544676934042,-0.026720526193127606,-0.11365094597351748,-0.0536675565107044,-0.1591617370426798,-0.048948320565589135,0.10236643571914956,0.3059900187938655,0.1904974694832943,0.1482608200331459,0.051463367589316536,2025-09-02 21:17:00,B,1756847820,1min
3.434498300530174,0.39802443904782187,4.696861228279988,2.269202615344478,1.4284574277607542,0.7469405446147324,0.5175581537883092,-0.9743176609536698,3.378976241253473,2.590105179560755,-0.9480609043248154,-0.6140882094116428,-0.23339401307574456,-0.3993000077855842,0.5511909182066244,-1.3627727922524588,-0.6250560194983625,0.496969226504214,0.18872759546157625,-0.2818001281991314,0.32496698491813175,-0.32012506771803273,0.9596459947348546,-0.02077161581863047,-0.04160549568349102,-0.6188714764777683,0.17045527317016557,-0.16086429707997565,-0.24840746851393172,0.07847576040822145,-0.3224997718171151,-0.13056023900398228,2025-09-02 21:18:00,B,1756847880,1min
10.72719304184045,4.546485209450336,1.141987872020856,-5.889837671158702,-2.6109631143495666,-0.0028439367249315935,-0.23091940162828828,1.3565548093128634,-2.020629412872011,-0.552874213005399,-1.0786553686915306,0.566429092154516,1.3697702755553982,-0.43871930904570744,-0.9569162035141868,0.37293745076715584,-0.3562480213253997,1.9205467345599059,-0.8748112559589674,-0.1017752830650459,0.5890693818693011,-1.1310347912396108,0.23396993212757775,0.5871984306685082,0.04001454262694198,0.25790641036952777,-0.6362186435203531,0.2405898739047681,-0.27225155222831127,-0.11447123468423162,0.2519904556297635,-0.07670626289792602,2025-09-02 21:19:00,B,1756847940,1min
3.5246890479376156,7.742441291716453,-1.5727586846248087,-0.2571379981985084,0.6386813521437603,0.4745779008868871,-1.4476286562958245,-0.11710697004742587,3.0596620327982817,-2.4640350644037015,4.142126129031398,4.839797138944502,0.5298844981798314,-2.0850088597955367,-0.0184109069866146,-0.555901400376269,-0.2295156415579731,0.2482695539604471,0.16524846479557642,0.14065588333843854,-0.3107646164125023,-0.38372315050027495,-0.14920116160961508,-0.11982195376533691,-0.01323052739752539,0.2567096884897076,0.1205824356452907,-0.11474707248286693,-0.097272564972781,0.10513171173369622,-0.07150053075751177,0.02029368394776798,2025-09-02 21:20:00,B,1756848000,1min
1.5416403993573427,6.7297379290174275,0.5584449338385679,1.5376386370989614,-1.99504355353391,-0.4906935751266111,-0.609628005035993,0.3988019992705911,0.13204636124434882,-0.05200850601795021,-0.09213933352354305,-0.4134255394866844,0.320303103021064,-0.3334390528790954,0.8187857375767267,0.2280875319762878,0.0567637973903041,-0.404503643629235,0.18409559949095836,-0.7439590673144035,0.6575171360839699,-0.24543345046967802,-0.3287377652321503,0.04961025921006626,0.3811292735451696,0.21484804836154764,0.321168478223482,-0.16319341861043807,-0.025282991597341004,0.2356301939772406,0.0624529504563325,-0.09248090641185333,2025-09-02 21:21:00,B,1756848060,1min
-0.08364648925296977,5.826649799129972,2.2630159129858343,0.5704214051807651,-0.9704260688745472,-1.35757705631271,0.6242828652895853,-0.9159376865383337,-0.31235309453812937,0.4190509083525211,0.38811013709976616,-0.3191877302978652,0.18277166807468292,-0.11547015593809298,1.1162467586589144,0.1809796057913551,-0.20831671276931318,-0.13377436392351766,0.22153098264562793,-0.41161304724433934,0.31432894539451683,-0.2147307697647192,-0.6379044496396961,0.32303371282950105,0.06114424858752638,0.12988946918516894,0.32655599385058215,-0.13941426599912643,-0.1210905798836195,0.17859121813199239,0.08663921072110288,-0.012843987381661372,2025-09-02 21:22:00,B,1756848120,1min
-1.3569453967704999,5.037738215177795,2.9089085003858677,0.1965416859493256,-0.6409868614478824,-1.088725200476002,0.3696963856513808,-1.082156843790699,-0.030674192961358593,0.5128731196271485,0.43456507509505216,-0.419578918420616,0.589041491797539,0.233403046189178,0.4380743766427541,-0.15159617527186356,0.49867655287591633,-0.1356869927245647,0.026280136690822624,-0.3192231800333618,0.2583554960588947,0.10539112938037141,-0.5185804260568931,0.367336276648159,-0.25936621783127695,-0.06590802421021909,-0.12442721879217068,-0.02881225048489664,-0.21786099596507671,0.07798907143060403,0.017601368161339795,-0.061542404138920107,2025-09-02 21:23:00,B,1756848180,1min
-2.934683880103011,4.277753017853535,3.8832732116666397,-0.11103407164037687,-0.000984790260405417,-0.5430883729328077,-0.1774791927682502,-0.8710777270333323,0.5518073448924328,0.6343714216454801,0.377150910315598,-0.5429845089983195,0.9779330099377216,0.42818595110169994,0.007141590951096652,0.5370415947591386,0.7662667663628491,-0.3190867043303702,0.5050419442197097,0.17418215213553156,0.5323391395992704,-0.49630927287599497,-0.43327961555920214,0.3550279472230718,-0.31202321562643454,-0.1659866618542639,-0.09748188732474351,-0.019057652789542162,-0.015490229089010365,0.1651986222138303,0.01512493982682084,-0.16579358264269484,2025-09-02 21:24:00,B,1756848240,1min
-5.774274631501966,3.3359054529810175,5.5740300493088135,-1.1063538455668709,0.20179615008212468,1.628090910510467,0.9883516109412014,1.9876925090807285,2.730680212768278,1.8414236962441661,-1.0101234497526719,0.18898628040776347,-0.07235536106346133,-0.19882750080671416,-0.8782768147039479,0.06866703095941362,-0.801466829715505,-0.5528330561445394,0.1338946778136523,-0.2985102314856004,-0.4474929478584211,-1.1322159296419418,-0.5325499808032663,0.4365334785671507,-0.4531533244490761,0.027359207563228766,-0.024487457245095642,0.0583981595035777,0.4139990911747327,-0.4733606670913723,-0.03207830085877136,-0.17985625315203504,2025-09-02 21:25:00,B,1756848300,1min
14.426804650456571,0.6972907503963504,6.75195957783855,-3.593335977191949,-2.6662308673908313,0.39235234851006906,-0.5559855825180896,1.5868980072718284,-3.100715240215402,-1.9030960933971366,0.1489121113491093,-0.21842652876662622,1.3883495673733999,0.35065754111809505,0.9075107577139664,-1.5055375584640107,-0.31242064465246516,-1.4215513761695235,1.0199210664562546,-0.03692961384751646,-0.09698847727370737,-0.35270880685282163,0.9698423487399741,0.05838134987410692,-0.7003221261742233,-0.3109904047093126,0.46693527144609753,0.19838631746219745,-0.0425382605766836,-0.23662254124792317,0.171948945758979,0.046542425246788935,2025-09-02 21:26:00,B,1756848360,1min
3.778655169984651,7.130140173812115,-3.535172024429043,-2.408964825933598,2.8755302350601455,0.6178340064909957,0.572572748686276,0.13398784786860363,0.48890750393569893,0.6542031836882278,0.4108268710912425,-0.4127215127552664,0.9862782350458724,0.11353562198563767,0.28654354037272034,-0.7674570021078511,1.5058495880069238,0.8514723850372415,1.4971880008995935,1.0415112501662962,-0.9835936981760951,-0.0017136642448811752,0.2217609657775952,-0.019169855398390216,-0.5028845309716066,0.6619595240968719,-0.24515161805130278,-0.1644130296495127,0.1414690701778002,0.144267878648966,0.04965832595975689,0.01831279525934853,2025-09-02 21:27:00,B,1756848420,1min
2.3331549448755347,7.089884781054958,-0.42931756757351996,2.692549725865067,-2.4797657782872475,0.2385845084503287,-1.5860454413919578,1.7753400255977598,0.4064955079699376,-0.6371876558543415,0.21808986693344043,-1.0566344750839267,0.24298805942362936,-0.055286143013859146,0.44832463033356235,0.4727014524117769,0.21869664520891954,-0.3810268052076467,-0.33382293294078597,-0.30565027213291923,0.2537320644066816,-0.11041134540535855,0.3304469100447363,-0.4084012483967194,0.1218771952202093,0.2935294751742501,0.1947440072152381,-0.22408381480806616,0.17494663993633844,0.1646064187811566,0.11546928403232644,-0.11710218864687143,2025-09-02 21:28:00,B,1756848480,1min
0.16733244581922116,5.770507206446438,1.9221203687641173,0.7281038355113014,-0.8029720820258469,-1.2388422685332965,0.6635537091360929,-0.5034414228960244,-0.3163474321091325,0.24975477990541994,0.8678656270006307,-0.8143334993351412,-0.07768923865499425,0.37530481781797004,0.7553659438595812,-0.2803535869826642,-0.11313122948045377,0.05979518911976856,-0.11406761561312768,0.04686379098638433,0.2955914309308939,0.3132281040815066,-0.19788564333003564,0.36965323026634467,0.35745058253846956,0.15074473498572766,0.3059199602743398,-0.13964561303854645,0.07612573804778092,0.1916125431774589,0.22010628695539264,-0.07548706763067217,2025-09-02 21:29:00,B,1756848540,1min
-0.8605376799346689,5.566204183639189,2.658967974152063,0.6540194402042905,-0.6972298803870219,-1.4869318791933546,1.0455504884106914,-0.6127850162040538,-0.4455069715425546,0.276163469641111,1.0287474205650897,-0.7108946322660332,-0.24686894356472827,0.43407985267252636,0.8380711801826061,0.05365305350617502,-0.08327537427958276,-0.0017830010002430124,-0.19295938554223266,0.10681534365129806,-0.12282103082508289,0.3117912994503136,-0.47613996118880275,0.13794647668505705,-0.3356098932298361,0.02356288807476465,-0.0038787927872985604,0.09226930371951737,-0.24393211806731122,0.072667371786443,-0.01077211345711582,0.02147044173031893,2025-09-02 21:30:00,B,1756848600,1min
-2.3113120294386937,4.555439940981214,3.8728760862247507,-0.10541283590683174,-0.04508571993390308,-0.5699681325916539,-0.09733693665804329,-0.7690458528235843,0.36099934749307266,0.4015734024656627,0.9987525979658646,-1.0769176160756337,0.24087627661930644,0.8830175918460289,-0.13506471649889118,0.10873051523917322,0.7879787846684647,-0.2716890037483205,-0.42193783326500817,-0.16994218853491153,0.3360233277031304,0.06534778682903988,0.08177488475576536,0.20320019645565554,-0.06559738786117758,-0.11965742002452587,-0.20146068128256628,0.030065317037528023,0.014099043295656411,0.013990366537285547,0.18388461201405717,-0.01402999341352814,2025-09-02 21:31:00,B,1756848660,1min
-4.355569495539022,3.6660646236133156,4.855605270492991,-0.7332430631132779,0.2551584917758608,0.6125387900941018,0.4589647424540659,0.7882529655700367,1.9413285274007246,1.2919026902518302,0.011283216689088101,-0.6229429647095863,-0.36070300874973726,0.7891307542687789,-1.254704809850736,0.18287312703869657,-0.2532386857918394,-0.5560008577132929,-0.5681022710420174,0.21206001376364478,-0.46322651159036315,-0.42346132806399334,0.04514281727093058,0.25320751988139995,-0.2572391960543376,0.09075103864614412,-0.06206570299398951,0.07771147465633364,0.1997100605403557,-0.13469974632559326,0.13847666828979172,-0.0687067075419827,2025-09-02 21:32:00,B,1756848720,1min
15.69321966791004,-1.8925733254999824,7.243751831408558,0.8515993736913638,-2.4074511608014744,8.84032458071617,3.419023008336751,-3.0550027854512067,-2.583073122707985,1.2323102046928989,2.010638101862013,-0.36164461959488614,0.7361323442987272,0.9170911943987383,-0.8424778948523393,-0.5751846466395737,0.1971318561368604,-0.3924795463556026,-0.08339865693255608,0.3702240446242773,-0.6049206062919473,-0.33131324639030424,-0.975481075587585,-1.2929659293473479,0.8188691189955981,-0.2604103281653136,-0.37318613982116955,-0.3094624763972255,0.023229006573180003,-0.017403636014134912,0.0411560001495711,-0.060234803801791935,2025-09-02 21:33:00,B,1756848780,1min
5.154652520265441,8.012508175079606,-2.3578150845372474,-2.6034367058809025,2.473936653726965,0.46591669329369934,0.4683276474320808,0.49839775352826704,-0.47871414830154185,-0.1054795157336509,1.0097228031590058,-0.9309587414431322,-0.2244624590444655,0.31781030528398435,0.7188023945076744,0.009480413531462449,0.6374312231623115,0.5104434677311924,0.01076164745202676,-0.014579225407982467,-0.34472732044925375,-0.01078344583309093,0.6318341837902546,-0.34616019146670796,-0.062099065028753224,0.376670821129066,-0.1018381287253746,-0.12063498848521197,0.06629502059873517,-0.14066303258727386,-0.35270744398184434,-0.02002080695492074,2025-09-02 21:34:00,B,1756848840,1min
2.573226043294466,7.307712411971148,-0.5583288118045283,2.972593156763862,-1.4911374681271787,0.3875594928216784,-1.5593207857037525,1.6541296076422525,0.07593633211399585,-0.9855338443882852,0.6255327091530657,-1.3685119007323276,-0.27202632603698823,0.4890658934810292,0.23259337009641887,-0.02406620545656586,0.5195747231258039,0.11464211308589571,-0.22845659590812334,-0.03353843789078865,0.1023902030332059,0.0631159026146684,0.24914135992176312,-0.1592353901924771,0.16303669544602337,0.17248544246760378,0.035767682858472725,-0.05274413116547555,0.09705382932318657,0.002069424264241844,-0.41139793632018845,0.11413284204880406,2025-09-02 21:35:00,B,1756848900,1min
0.5983387615505794,6.045392333921082,1.6823893512922634,0.9180642925008311,-0.659992710613367,-1.0371993089897547,0.6084762576788247,-0.2245823968870877,-0.44028254636518055,-0.031056541507625983,0.9983636416491466,-1.0004002412615813,-0.6967214492197642,0.8936270880943259,0.1243538642600073,-0.6903596432722264,0.21393283204365926,0.35249896362532435,-0.06477478967922741,0.3713839627361466,0.44369654181389584,0.596398359252779,-0.25337525525968546,0.3429508275588557,0.481464263526069,0.10735363694636157,0.20629374657562055,0.09748334654854929,0.022097718631999826,0.05529992857847046,-0.12643488146659368,0.021488985625001754,2025-09-02 21:36:00,B,1756848960,1min
-0.6573474995911591,5.985293459201049,2.90050652350311,1.0254263237094214,-0.24376869203375676,-1.446671374681981,0.9189729370996804,-0.5666727725129121,-0.7382793087879534,-0.09591155455635635,1.2464905729962885,-0.9955765095693976,-1.1199201329311388,0.822839972571925,0.605624352165289,0.0012227190878404757,-0.13778627304978067,0.1331797271077377,-0.41033990180483043,0.25656472657172047,-0.05510311083967519,0.49962408074806913,-0.23036883907649164,0.07621709201764922,-0.18424139861588948,-0.05388215701016507,-0.07501436683000427,0.06095084417694919,-0.10840654809075409,-0.05263384111388554,-0.2997864521435373,0.193625107755526,2025-09-02 21:37:00,B,1756849020,1min
-2.391485286465919,4.867472614960913,3.846781496703646,0.08534157269712578,0.06292092666760611,-0.415354192277149,0.00012876119870872585,-0.636345035960047,0.28884245535837233,0.19537100557223622,1.190446369082395,-1.1746319265782843,-0.799101649240631,1.0201451379078461,-0.03123515548699282,0.29945597946249325,0.7404210433516766,-0.21299244743399184,-0.0356444049896608,0.08683051714270287,0.3923624077189125,0.13998307245372846,0.19987252085892188,0.30644966302200943,0.017862795509051368,-0.22217009372255955,-0.3815455049677609,0.1494671243546529,-0.0025970303417237285,-0.022701778649733863,-0.07370212607048067,0.039784215493748755,2025-09-02 21:38:00,B,1756849080,1min
-4.179954780223406,3.998885744059628,4.97960505338448,0.024376381806479164,0.9176705552626216,0.3502318314266458,0.1220849795057748,0.2881925884437407,1.1133540233658978,0.6116002068354085,0.41624310852489566,-0.9706844799445649,-0.9311653502695411,1.0729602671624774,-0.9224546054989157,0.3061353810063039,-0.025161762326331095,-0.16024848258078175,-0.24210935133573058,0.6896149884121155,0.06744370799586685,-0.29005452533511106,0.03227369276214129,0.17281417270469687,-0.3853104063653276,-0.29819771648775006,-0.13071221428670257,0.07395818230459308,0.31680316206959186,-0.11123260153240011,-0.17431152079459852,0.028607517838256477,2025-09-02 21:39:00,B,1756849140,1min
-12.599393137842402,4.818170578548021,10.674457116198012,3.43599294517567,8.450129442543375,4.942171022221042,1.9819514984224134,6.689026377546814,-1.95572958777757,-2.3242669013245916,-1.2488321530742899,0.6460479870672905,0.24837233909745646,-0.8621741223945908,1.360921861051391,-0.7798468560507597,-1.436678722681773,0.7336562774216935,0.3024665505999815,-0.08438397059744059,0.25134766097829925,0.6908064609868256,-0.3154818118534998,0.11583762959225419,-0.05367039980226672,-0.19411052718753702,-0.2871694430751163,-0.10223137948060224,-0.05170121182181981,0.16605353920801827,0.1441937398824127,0.1400050375335822,2025-09-02 21:40:00,B,1756849200,1min
